,避难所名称,人口1,人口2,人口3,人口4,人口5,人口6,人口7,人口8,人口9,人口10,人口11,人口12,人口13,人口14,人口15,人口16,人口17,人口18,人口19,人口20,人口21,人口22,人口23,人口24,人口25,人口26,人口27,人口28,人口29,人口30,人口31,人口32,人口33,人口34,人口35,人口36,人口37,人口38,人口39,人口40,人口41,人口42,人口43,人口44,人口45,人口46,人口47,人口48,人口49,人口50,人口51,人口52,人口53,人口54,人口55,人口56,人口57,人口58,人口59,人口60,人口61,人口62,人口63,人口64,人口65,人口66,人口67,人口68,人口69,人口70,人口71,人口72,人口73,人口74,人口75,人口76,人口77,人口78,人口79,人口80,人口81,人口82,人口83,人口84,人口85,人口86,人口87,人口88,人口89,人口90,人口91,人口92,人口93,人口94,人口95,人口96,人口97,人口98,人口99,人口100,人口101,人口102,人口103,人口104,人口105,人口106,人口107,人口108,人口109,人口110,人口111,人口112,人口113,人口114,人口115,人口116,人口117,人口118,人口119,人口120,人口121,人口122,人口123,人口124,人口125,人口126,人口127,人口128,人口129,人口130,人口131,人口132,人口133,人口134,人口135,人口136,人口137,人口138
,人口,西郊街道,安埠街道,白沙湾街道,象鼻街道,沙坪街道,合江门街道,大观楼街道,双城街道,李庄镇,菜坝镇,金坪镇,牟坪镇,李端镇,宗场镇,宋家镇,思坡镇,白花镇,双谊镇,永兴镇,金秋湖镇,南溪街道,罗龙街道,仙源街道,刘家镇,江南镇,大观镇,汪家镇,黄沙镇,仙临镇,长兴镇,裴石镇,柏溪街道,南岸街道,赵场街道,南广镇,观音镇,横江镇,柳嘉镇,泥溪镇,蕨溪镇,商州镇,高场镇,安边镇,双龙镇,合什镇,樟海镇,龙池乡,凤仪乡,巡场镇,珙泉镇,孝儿镇,底洞镇,上罗镇,洛表镇,洛亥镇,王家镇,仁义乡,宝山乡,沐滩乡,恒丰乡,陈胜乡,玉和苗族乡,保平乡,下罗乡,筠连镇,腾达镇,沐爱镇,镇舟镇,蒿坝镇,大雪山镇,乐义乡,团林苗族乡,联合苗族乡,高坪苗族乡,丰乐乡,长宁镇,梅硐镇,双河镇,硐底镇,花滩镇,竹海镇,老翁镇,古河镇,铜鼓镇,井江镇,铜锣镇,梅白镇,龙头镇,江安镇,红桥镇,怡乐镇,留耕镇,五矿镇,迎安镇,夕佳山镇,铁清镇,四面山镇,大井镇,阳春镇,大妙镇,仁和镇,下长镇,锦屏镇,新市镇,中都镇,龙华镇,大乘镇,新安镇,书楼镇,屏山镇,夏溪乡,屏边彝族乡,清平彝族乡,高县文江镇,高县庆符镇,沙河镇,嘉乐镇,罗场镇,蕉村镇,可久镇,来复镇,月江镇,胜天镇,复兴镇,落润镇,庆岭镇,古宋镇,k王山镇,共乐镇,莲花镇,九丝城镇,石海镇,周家镇,五星镇,大坝苗族乡,大河苗族乡,麒麟苗族乡,仙峰苗族乡,,
避难所1,高县文江镇籁棚小学,11.40,11.41,11.09,13.82,12.73,10.80,10.55,17.17,22.14,14.00,19.48,28.35,25.89,14.68,27.19,16.35,19.87,16.35,12.99,13.74,41.20,31.54,36.57,35.88,40.65,34.87,29.85,27.45,41.77,47.27,48.74,13.81,10.44,9.61,11.49,32.65,31.68,44.21,47.13,43.72,63.48,26.95,23.50,31.77,47.86,25.80,56.84,32.56,8.74,17.38,3.20,24.50,16.44,5.64,18.01,7.36,10.69,3.03,6.82,10.34,22.92,20.60,14.67,13.01,15.74,6.73,9.49,11.85,16.95,13.69,16.29,12.68,13.73,15.59,28.98,31.43,41.80,28.24,19.31,15.64,33.42,42.95,39.98,14.43,25.27,25.93,34.51,29.06,48.66,45.13,56.64,56.70,49.61,59.12,53.73,55.87,60.06,49.67,55.34,60.41,57.19,49.12,54.69,88.20,53.82,67.67,39.12,76.41,36.79,34.01,80.77,92.33,91.85,7.41,12.20,13.72,7.06,15.07,8.84,25.03,8.97,10.04,20.31,4.96,13.05,8.21,67.71,51.59,58.09,73.84,37.56,58.34,34.33,56.68,62.38,73.28,62.21,46.83
避难所2,高县文江镇腾龙小学校,7.96,9.49,11.40,14.22,13.90,9.41,8.95,18.92,24.99,10.42,21.34,31.99,29.62,11.60,30.53,12.40,18.15,13.20,9.41,15.71,44.67,34.87,40.00,39.06,44.14,37.86,32.64,30.23,45.08,50.71,52.34,9.58,9.75,6.69,13.38,28.35,27.37,39.78,42.66,39.26,59.21,22.50,19.07,27.60,43.42,21.41,52.40,28.55,12.64,21.59,2.97,28.78,20.90,2.42,22.43,11.82,15.14,7.22,10.75,14.72,27.29,25.02,19.12,17.47,13.09,10.60,12.69,15.45,16.33,17.17,20.70,14.60,16.63,16.39,25.94,35.28,45.99,32.43,23.37,19.52,37.42,46.89,43.74,18.03,29.19,29.94,38.19,33.19,52.42,49.24,60.49,60.63,53.75,62.72,57.68,59.52,63.80,53.73,59.12,64.41,61.24,52.88,50.38,83.96,49.47,63.34,34.70,72.18,32.44,29.55,76.52,88.12,87.62,3.66,8.02,17.28,4.47,11.62,7.11,21.06,4.65,12.04,23.58,7.60,9.48,3.77,71.91,55.79,62.26,77.97,41.94,62.64,38.64,60.81,66.68,77.54,66.47,51.12
避难所3,高县文江镇白庙小学校,21.39,17.95,12.58,12.49,10.07,16.58,16.98,8.45,7.42,23.44,9.02,13.02,10.76,22.48,11.64,26.45,21.73,23.80,22.78,7.21,25.70,15.99,21.04,20.36,25.16,19.48,14.83,12.51,26.22,31.75,33.34,25.50,14.96,19.33,8.12,42.89,45.81,55.37,59.42,56.34,77.53,40.09,37.00,46.35,59.10,37.20,69.76,47.46,7.03,6.73,16.09,12.56,12.08,20.93,10.39,10.98,9.82,15.09,15.89,8.65,12.55,12.09,10.43,11.40,31.27,16.13,19.18,18.94,31.37,20.45,14.42,24.18,22.56,28.44,44.52,16.53,28.20,15.10,6.37,2.97,19.00,28.21,24.82,1.36,10.75,11.83,19.22,15.48,33.47,31.05,41.62,41.87,35.59,43.72,38.96,40.53,44.84,35.28,40.18,45.77,42.75,33.94,68.62,102.35,67.55,81.41,52.36,90.62,50.67,46.66,94.90,106.57,106.03,22.58,26.94,1.89,22.57,30.49,24.32,40.03,21.98,8.50,4.83,11.43,28.39,21.94,53.87,37.85,44.10,59.62,25.86,45.19,21.97,42.56,49.22,59.80,48.76,33.79
避难所4,高县文江镇初级中学校,10.07,14.09,18.31,20.86,21.29,14.83,14.21,26.51,33.27,10.90,28.94,40.65,38.31,13.13,39.06,10.64,21.31,14.07,10.32,23.62,53.24,43.38,48.55,47.47,52.72,46.15,40.81,38.42,53.55,59.24,60.96,7.42,15.94,10.77,21.34,22.59,18.80,32.76,34.89,31.35,50.59,14.65,11.07,18.90,36.27,15.31,44.21,19.84,21.36,30.25,11.55,37.40,29.03,7.35,30.84,20.15,23.48,15.08,17.86,23.22,35.80,33.42,27.40,25.57,7.93,17.63,18.48,21.56,14.84,22.91,28.43,18.08,21.40,17.58,18.44,43.99,54.67,41.10,32.08,28.24,46.14,55.61,52.43,26.71,37.90,38.66,46.85,41.89,61.10,57.95,69.19,69.35,62.45,71.34,66.40,68.16,72.47,62.44,67.80,73.13,69.96,61.56,41.80,75.31,40.97,54.80,26.50,63.52,23.94,21.82,67.88,79.45,78.96,5.55,0.70,25.96,6.81,4.63,7.79,12.39,6.41,20.15,32.12,16.21,3.09,5.90,80.59,64.46,70.95,86.67,50.42,71.24,47.22,69.51,75.28,86.17,75.10,59.73
避难所5,高县羊田乡中心小学校,18.21,22.27,26.33,28.95,29.22,22.98,22.37,34.41,40.78,18.75,36.84,47.54,45.08,21.04,46.25,17.83,29.27,21.78,18.29,31.36,60.35,50.60,55.69,54.84,59.80,53.66,48.42,46.02,60.83,66.40,67.93,15.03,24.04,18.94,29.05,25.07,15.52,32.68,33.21,29.51,45.89,14.68,11.67,14.37,35.79,18.32,41.22,14.30,27.94,36.29,18.76,43.19,33.92,13.72,36.21,25.76,28.94,20.55,22.28,28.99,41.30,38.68,32.59,30.55,4.82,22.01,21.61,24.58,12.16,25.42,32.77,19.24,23.18,16.77,10.31,50.61,60.56,47.09,38.40,34.83,52.51,62.06,59.17,33.59,44.43,45.02,53.71,48.00,67.86,64.03,75.80,75.81,68.46,78.31,72.82,75.07,79.26,68.65,74.53,79.44,76.16,68.30,37.46,70.21,36.96,50.45,24.13,58.42,20.61,21.08,62.86,74.20,73.79,12.14,8.70,32.86,12.15,4.18,11.07,7.17,14.52,27.76,39.32,23.36,6.32,13.84,86.36,70.30,76.87,92.65,55.63,76.71,52.77,75.52,80.71,91.71,80.70,65.29
避难所6,高县云溪乡中心小学校,20.86,25.22,30.08,32.42,33.16,26.21,25.59,38.39,45.41,20.52,40.80,52.86,50.51,22.77,51.27,18.63,30.72,23.01,20.40,35.66,65.45,55.58,60.76,59.63,64.93,58.27,52.88,50.51,65.74,71.44,73.18,16.82,27.54,22.19,33.43,20.54,8.55,26.36,26.35,22.64,39.10,9.57,7.91,7.37,29.25,14.89,34.17,7.71,33.48,42.21,23.76,49.28,40.37,19.22,42.48,31.85,35.13,26.65,28.80,35.03,47.53,45.00,38.92,36.95,11.85,28.53,28.44,31.45,18.98,32.38,39.39,26.27,30.19,23.76,9.75,56.17,66.62,53.07,44.16,40.39,58.26,67.75,64.63,38.91,50.05,50.76,59.06,53.91,73.30,69.98,81.38,81.50,74.46,83.55,78.54,80.38,84.68,74.52,80.00,85.25,82.04,73.76,30.56,63.61,29.99,43.58,17.21,51.81,13.58,14.82,56.22,67.67,67.22,17.46,12.91,38.16,18.05,10.23,17.57,0.18,18.28,32.29,44.34,28.42,11.93,18.03,92.51,76.40,82.93,98.68,62.02,83.01,59.00,81.53,87.03,97.99,86.94,71.53
避难所7,高县沙河镇麻柳小学校,16.81,14.01,9.45,10.61,8.21,12.70,12.97,9.82,12.53,19.11,11.55,18.54,16.16,18.55,17.28,22.06,19.69,20.05,18.32,6.76,31.32,21.63,26.67,25.99,30.77,25.04,20.18,17.81,31.86,37.38,38.92,20.68,11.23,14.68,5.82,38.76,40.56,51.05,54.76,51.57,72.36,35.09,31.89,40.98,54.77,32.67,64.93,42.00,1.84,9.09,10.62,16.21,11.64,15.32,11.44,6.38,6.87,9.62,11.04,5.54,15.34,13.84,9.58,9.41,25.64,11.25,14.54,14.96,25.99,16.70,13.16,19.38,18.36,23.40,38.88,21.84,32.94,19.47,10.27,6.21,24.08,33.48,30.28,4.57,15.80,16.65,24.73,20.08,38.95,36.02,47.03,47.20,40.55,49.30,44.26,46.08,50.34,40.41,45.65,51.02,47.91,39.42,63.47,97.16,62.46,76.34,47.39,85.41,45.50,41.84,89.71,101.36,100.83,16.99,21.46,3.83,16.94,24.87,18.69,34.53,16.77,5.16,10.42,6.02,22.80,16.59,58.80,42.70,49.08,64.71,29.71,49.81,26.07,47.59,53.85,64.59,53.51,38.31
避难所8,高县双河乡中心小学校,2.94,6.74,11.31,13.69,14.42,7.54,6.92,19.64,26.88,4.82,22.03,34.97,32.81,6.55,33.02,6.50,14.35,7.94,3.87,17.02,47.18,37.26,42.49,41.13,46.68,39.66,34.21,31.86,47.29,53.08,55.01,3.86,8.78,3.47,14.88,22.69,23.81,34.47,37.81,34.56,55.46,18.06,14.94,24.60,38.16,15.99,47.90,26.01,16.75,25.89,7.18,33.11,26.13,6.94,27.30,17.04,20.25,12.95,16.61,19.61,31.91,29.89,24.23,22.78,14.60,16.47,18.58,21.36,20.03,23.07,26.22,20.11,22.43,21.22,25.77,38.60,49.98,36.50,27.30,23.25,41.01,50.27,46.80,21.36,32.72,33.66,41.14,37.12,55.39,53.02,63.60,63.91,57.56,65.34,61.02,62.25,66.67,57.33,62.09,67.84,64.81,55.86,46.55,80.29,45.49,59.36,30.35,68.57,28.61,24.82,72.83,84.52,83.97,6.37,6.86,20.60,8.38,11.81,10.96,18.94,1.60,13.89,26.18,11.12,9.83,2.90,75.82,59.73,66.08,81.66,46.52,66.84,43.01,64.57,70.89,81.63,70.55,55.33
避难所9,高县四烈乡富民小学校,11.81,16.11,20.86,23.24,23.94,17.05,16.43,29.17,36.22,11.88,31.58,43.88,41.59,14.18,42.17,10.68,22.37,14.75,11.57,26.45,56.36,46.46,51.67,50.47,55.85,49.07,43.67,41.30,56.59,62.33,64.13,8.10,18.34,13.01,24.23,19.84,15.27,29.46,31.38,27.82,47.09,11.20,7.61,15.51,32.91,12.62,40.65,16.64,24.76,33.71,14.85,40.89,32.59,10.90,34.39,23.69,27.02,18.64,21.41,26.74,39.32,36.96,30.95,29.13,9.04,21.18,21.91,24.99,16.74,26.28,31.99,21.16,24.64,20.16,16.76,47.30,58.13,44.56,35.49,31.60,49.51,58.95,55.69,29.99,41.25,42.04,50.08,45.32,64.34,61.37,72.47,72.67,65.88,74.49,69.73,71.34,75.69,65.83,71.05,76.49,73.34,64.81,38.28,71.84,37.42,51.27,22.94,60.05,20.39,18.35,64.40,75.99,75.49,9.10,4.23,29.23,10.33,5.45,11.00,9.40,9.07,23.12,35.26,19.47,5.30,8.93,84.04,67.92,74.39,90.09,53.95,74.74,50.73,72.94,78.78,89.66,78.59,63.22
避难所10,宜宾市珙县天堂公园,15.04,12.87,9.29,11.15,9.05,11.68,11.81,11.91,15.45,17.49,13.90,21.37,18.94,17.25,20.22,20.34,19.63,18.84,16.62,8.54,34.21,24.57,29.58,28.94,33.66,28.00,23.12,20.74,34.79,40.29,41.77,18.62,10.42,12.91,6.89,37.09,38.05,49.20,52.67,49.41,69.88,32.80,29.51,38.36,52.91,30.74,62.71,39.30,1.91,11.04,8.05,18.27,12.07,12.49,12.63,4.53,6.43,6.72,8.59,5.34,17.06,15.18,10.01,9.19,22.69,8.76,12.14,13.00,23.09,14.85,13.01,16.80,16.18,20.68,35.96,24.55,35.32,21.76,12.64,8.77,26.66,36.13,33.05,7.45,18.43,19.18,27.55,22.48,41.74,38.51,49.76,49.88,43.03,52.15,46.92,48.91,53.13,42.97,48.43,53.65,50.49,42.19,61.02,94.66,60.06,73.94,45.09,82.89,43.06,39.66,87.22,98.84,98.32,14.20,18.78,6.74,14.04,22.02,15.74,31.80,14.40,5.69,13.38,3.80,19.96,14.08,61.22,45.10,51.54,67.23,31.65,52.07,28.17,50.08,56.12,66.93,55.84,40.55
避难所11,珙县底硐镇第二小学,16.32,15.95,14.42,16.86,15.19,15.14,15.00,18.66,21.92,18.92,20.70,26.55,23.97,19.51,25.98,21.29,24.08,21.19,17.92,15.24,39.53,30.26,35.02,34.78,38.96,34.07,29.47,27.13,40.37,45.62,46.78,18.68,14.46,14.47,13.34,37.49,35.57,48.88,51.56,48.09,67.22,31.31,27.79,35.39,52.51,30.56,61.05,35.91,7.74,14.52,8.06,21.26,12.21,9.56,14.28,3.99,6.99,1.94,2.13,7.19,19.35,16.78,10.70,8.75,17.81,2.18,5.54,7.23,16.75,9.13,11.65,10.00,9.79,13.93,31.02,29.16,38.62,25.20,16.84,13.81,30.80,40.36,37.77,13.34,22.97,23.38,32.55,26.16,46.42,42.12,54.16,54.07,46.53,57.08,51.06,53.77,57.79,46.79,53.01,57.60,54.27,46.85,58.52,91.82,57.75,71.54,43.33,80.02,40.76,38.44,84.42,95.89,95.44,11.33,16.19,12.77,10.23,18.06,10.90,28.39,13.78,11.96,19.45,7.51,16.30,12.90,64.41,48.36,54.93,70.71,33.80,54.81,30.83,53.59,58.82,69.80,58.77,43.36
避难所12,珙县恒丰乡第二小学校,20.13,18.20,14.46,16.00,13.67,17.01,17.14,15.15,16.05,22.64,16.62,19.49,16.88,22.53,19.21,25.43,24.82,24.14,21.74,12.27,32.45,23.39,28.00,27.96,31.87,27.45,23.22,20.99,33.39,38.53,39.63,23.45,15.75,18.02,11.30,42.14,42.01,54.08,57.29,53.93,73.80,37.20,33.79,42.05,57.77,35.60,67.12,42.74,4.09,7.34,12.47,14.25,6.75,15.90,7.72,3.24,1.34,8.43,7.76,0.00,12.59,10.32,4.71,3.95,24.97,8.04,10.74,10.28,23.65,11.83,7.77,15.78,13.91,20.19,38.20,21.98,31.61,18.11,9.66,7.00,23.62,33.18,30.59,7.29,15.80,16.19,25.41,19.02,39.23,35.04,46.98,46.90,39.48,49.91,43.89,46.59,50.60,39.67,45.82,50.47,47.17,39.66,65.02,98.50,64.15,78.01,49.42,86.71,47.12,44.20,91.08,102.62,102.14,17.70,22.53,6.98,16.99,25.00,18.00,35.20,18.92,10.45,13.12,8.95,23.11,18.37,57.48,41.38,47.92,63.69,27.22,48.03,24.01,46.55,52.07,62.99,51.93,36.53
避难所13,珙县杉木树小学校,16.41,14.05,10.06,11.62,9.35,12.81,12.99,11.55,14.36,18.83,13.36,19.94,17.49,18.49,18.88,21.71,20.42,20.06,17.98,8.34,32.82,23.22,28.20,27.64,32.26,26.76,21.98,19.61,33.44,38.89,40.34,20.07,11.46,14.28,7.04,38.46,39.55,50.62,54.14,50.88,71.38,34.29,31.00,39.86,54.33,32.17,64.19,40.79,0.42,9.56,9.55,16.79,11.00,13.95,11.31,4.58,5.65,7.83,9.17,4.41,15.64,13.83,8.92,8.36,24.06,9.37,12.68,13.19,24.17,14.97,12.18,17.50,16.54,21.53,37.34,23.07,33.81,20.26,11.13,7.28,25.16,34.64,31.59,6.08,16.94,17.68,26.11,20.97,40.28,37.01,48.29,48.39,41.52,50.71,45.43,47.47,51.67,41.47,46.96,52.15,48.99,40.73,62.52,96.17,61.56,75.44,46.58,84.40,44.56,41.14,88.72,100.34,99.83,15.67,20.28,5.40,15.46,23.46,17.08,33.29,15.89,6.07,12.10,5.22,21.42,15.59,59.72,43.60,50.04,65.73,30.20,50.58,26.69,48.58,54.62,65.43,54.34,39.06
避难所14,珙县孝儿镇初级中学校,17.72,16.84,14.55,16.77,14.84,15.90,15.84,17.76,20.29,20.32,19.65,24.45,21.85,20.70,24.03,22.84,24.60,22.37,19.34,14.44,37.42,28.26,32.95,32.81,36.85,32.19,27.73,25.42,38.32,43.50,44.62,20.40,15.01,15.76,12.77,39.25,37.78,50.80,53.62,50.17,69.46,33.39,29.88,37.63,54.45,32.41,63.19,38.18,6.31,12.28,9.49,18.97,10.02,11.69,12.00,1.95,4.71,3.93,2.97,4.99,17.07,14.52,8.44,6.55,20.08,3.22,6.40,7.12,18.72,8.99,9.69,11.31,10.29,15.52,33.27,26.97,36.33,22.92,14.65,11.80,28.55,38.11,35.57,11.57,20.79,21.16,30.40,23.89,44.20,39.84,51.92,51.81,44.25,54.90,48.79,51.57,55.57,44.51,50.79,55.33,52.00,44.63,60.74,94.08,59.95,73.76,45.47,82.28,42.95,40.49,86.67,98.16,97.70,13.47,18.34,11.06,12.47,20.34,13.18,30.65,15.58,11.51,17.64,7.77,18.56,14.79,62.13,46.07,52.64,68.42,31.54,52.53,28.55,51.30,56.55,67.52,56.49,41.08
避难所15,珙县珙泉镇第二小学校,17.31,14.98,10.94,12.42,10.11,13.73,13.91,11.99,14.26,19.74,13.70,19.43,16.94,19.42,18.51,22.62,21.29,20.98,18.89,8.89,32.35,22.84,27.76,27.29,31.79,26.48,21.81,19.47,33.03,38.43,39.82,20.93,12.38,15.18,7.76,39.37,40.30,51.50,54.99,51.72,72.13,35.10,31.80,40.57,55.21,33.05,65.02,41.46,0.54,8.73,10.32,15.96,10.09,14.57,10.39,4.27,4.86,8.11,9.05,3.57,14.76,12.92,8.01,7.51,24.53,9.28,12.50,12.80,24.36,14.54,11.33,17.40,16.24,21.53,37.81,22.46,33.05,19.49,10.41,6.67,24.49,33.99,31.01,5.74,16.30,16.99,25.57,20.23,39.70,36.28,47.67,47.75,40.79,50.18,44.78,46.92,51.10,40.77,46.37,51.48,48.29,40.15,63.28,96.91,62.33,76.21,47.39,85.13,45.33,41.97,89.47,101.07,100.57,16.32,20.97,5.12,16.01,24.04,17.52,33.94,16.70,6.87,11.83,6.10,22.02,16.36,58.97,42.84,49.30,65.00,29.34,49.78,25.86,47.85,53.82,64.65,53.56,38.26
避难所16,珙县石碑乡中心校,45.39,42.59,37.53,37.61,35.19,41.25,41.56,32.74,26.12,47.74,32.12,17.79,17.55,47.15,21.21,50.68,46.80,48.60,46.94,32.31,21.81,21.11,20.66,23.54,21.35,25.26,26.31,26.14,24.18,25.69,24.44,49.06,39.70,43.26,33.14,67.40,67.73,79.62,83.06,79.74,99.43,63.02,59.61,67.60,83.34,61.17,92.94,68.08,28.58,19.55,38.24,12.59,20.05,41.59,18.11,28.79,25.46,33.88,31.66,25.82,13.37,15.53,21.55,23.47,49.48,31.94,32.71,30.10,45.79,29.99,21.30,36.61,32.82,40.94,62.15,14.50,9.98,10.66,18.80,22.83,11.89,15.60,17.04,25.16,15.88,14.41,16.99,11.00,22.20,13.81,27.14,26.16,16.99,32.32,23.29,29.05,31.49,18.36,27.03,28.48,24.88,22.38,90.71,124.03,89.90,103.72,75.24,112.22,72.88,70.00,116.63,128.08,127.64,43.39,48.25,25.82,42.44,50.21,42.91,60.58,44.69,33.24,23.69,34.23,48.50,44.19,33.08,17.86,24.33,39.78,2.29,23.02,4.56,23.39,26.93,37.96,27.15,12.15
避难所17,宜宾市长宁县U江公园,38.63,34.96,29.41,28.54,26.47,33.60,34.06,22.54,14.64,40.56,21.15,4.99,6.61,39.39,8.30,43.57,36.95,40.56,39.96,23.41,10.72,7.07,7.51,9.79,10.13,11.27,12.54,12.88,12.45,16.48,17.10,42.80,31.97,36.61,25.03,59.69,63.10,72.27,76.57,73.56,94.84,57.41,54.32,63.57,76.00,54.34,87.00,64.58,23.45,15.37,33.22,10.11,20.13,37.76,16.99,25.85,23.05,30.91,30.24,22.64,12.75,15.51,20.35,22.48,47.53,30.53,32.65,31.01,46.05,31.75,22.62,37.49,34.53,42.06,60.80,0.81,11.82,6.53,13.00,16.53,2.44,10.89,7.96,18.09,6.90,6.51,3.68,5.23,16.59,14.00,24.48,24.60,18.50,27.29,21.67,23.95,27.97,18.00,23.22,28.46,25.44,17.02,85.94,119.67,84.86,98.73,69.66,107.93,67.98,63.91,112.21,123.88,123.34,39.48,44.05,18.85,39.18,47.23,40.52,57.09,39.28,25.69,13.64,28.60,45.21,39.17,36.74,20.93,26.95,42.33,13.25,28.61,9.50,25.35,32.56,42.82,31.89,17.75
避难所18,长宁县竹海镇中心校,40.38,36.82,31.31,30.59,28.44,35.46,35.90,24.71,16.93,42.39,23.42,7.34,8.54,41.30,10.73,45.40,39.14,42.52,41.76,25.39,11.40,9.50,9.07,11.76,10.83,13.45,15.03,15.37,13.44,16.71,16.83,44.50,33.83,38.33,26.89,61.66,64.62,74.21,78.39,75.33,96.42,59.06,55.92,65.00,77.94,56.17,88.76,65.93,24.77,16.25,34.65,10.14,20.39,39.03,17.34,26.82,23.86,31.97,31.02,23.59,12.69,15.56,20.86,23.02,48.56,31.31,33.22,31.39,46.70,31.99,22.74,37.96,34.82,42.52,61.79,3.20,9.53,6.13,14.10,17.90,0.09,9.59,7.67,19.65,8.28,7.48,5.25,4.89,15.87,12.05,23.40,23.33,16.59,26.72,20.33,23.34,27.12,16.34,22.32,27.01,23.85,16.26,87.52,121.23,86.49,100.37,71.34,109.48,69.56,65.66,113.78,125.42,124.90,40.78,45.43,20.41,40.37,48.42,41.58,58.41,40.82,27.47,15.66,30.09,46.45,40.65,34.88,18.91,25.11,40.66,10.85,26.46,7.27,23.57,30.45,40.86,29.86,15.42
避难所19,长宁县竹海初级中学校,22.83,19.73,14.62,14.91,12.42,18.37,18.72,11.31,9.45,25.04,11.88,12.84,10.32,24.29,12.24,28.03,24.21,25.70,24.30,9.77,25.80,16.47,21.25,21.02,25.23,20.45,16.28,14.11,26.58,31.89,33.21,26.78,16.81,20.72,10.26,44.65,46.68,57.02,60.85,57.68,78.49,41.23,38.02,47.05,60.75,38.70,71.06,48.01,6.86,3.91,16.70,10.35,9.31,21.18,7.51,9.87,7.96,14.58,14.69,7.01,9.96,9.27,7.79,9.04,31.12,14.96,17.75,17.10,30.50,18.48,11.75,22.79,20.78,27.18,44.41,15.85,26.80,13.37,4.20,0.09,17.97,27.42,24.38,2.31,9.72,10.52,18.96,13.95,33.07,29.88,41.06,41.17,34.42,43.56,38.21,40.30,44.47,34.29,39.75,44.94,41.80,33.52,69.61,103.29,68.60,82.48,53.52,91.53,51.64,47.95,95.84,107.48,106.96,22.90,27.49,2.91,22.64,30.67,24.11,40.51,22.90,10.32,6.24,12.15,28.64,22.70,52.66,36.56,42.94,58.58,23.83,43.70,20.08,41.45,47.74,58.45,47.38,32.21
避难所20,长宁县铜鼓中学校,20.25,17.07,11.94,12.30,9.80,15.71,16.06,9.27,9.39,22.42,10.26,14.68,12.30,21.63,13.52,25.42,21.61,23.03,21.70,7.29,27.49,17.86,22.85,22.28,26.94,21.45,16.83,14.51,28.08,33.56,35.06,24.26,14.14,18.15,7.60,42.00,44.34,54.40,58.29,55.15,76.12,38.78,35.62,44.81,58.13,36.12,68.55,45.85,5.09,6.41,14.47,13.03,10.90,19.18,9.67,8.98,7.99,13.13,13.89,6.76,12.60,11.68,9.08,9.79,29.41,14.13,17.20,17.03,29.38,18.59,13.04,22.20,20.63,26.44,42.68,18.00,29.31,15.96,6.85,2.77,20.31,29.66,26.42,0.72,12.02,12.95,20.87,16.48,35.09,32.30,43.18,43.37,36.84,45.44,40.44,42.22,46.48,36.64,41.79,47.21,44.13,35.56,67.23,100.94,66.19,80.07,51.06,89.19,49.26,45.44,93.48,105.14,104.61,20.85,25.32,0.29,20.76,28.72,22.44,38.39,20.53,7.64,6.80,9.83,26.65,20.40,55.11,39.03,45.36,60.96,26.50,46.25,22.72,43.85,50.29,60.96,49.89,34.78
避难所21,长宁县梅硐镇中心校,49.60,46.19,40.73,40.11,37.93,44.82,45.24,34.29,26.50,51.70,33.01,16.87,18.09,50.70,20.16,54.70,48.73,51.96,51.02,34.87,14.31,18.01,15.16,18.47,14.02,20.70,23.75,24.51,16.78,16.68,14.88,53.63,43.20,47.52,36.28,71.09,73.41,83.61,87.65,84.52,105.24,68.09,64.86,73.62,87.34,65.45,97.91,74.39,33.47,24.48,43.42,17.42,27.15,47.48,24.50,34.87,31.68,40.08,38.57,31.66,19.41,22.19,28.15,30.28,56.43,38.86,40.25,37.98,53.68,38.20,29.02,44.62,41.08,49.11,69.48,12.67,0.06,13.63,22.76,26.79,9.62,6.32,9.55,28.76,17.53,16.44,12.67,12.92,12.38,3.91,17.29,16.50,7.91,22.32,13.53,19.06,21.59,8.68,17.06,19.34,15.84,12.51,96.39,130.02,95.42,109.31,80.38,118.23,78.43,74.80,122.57,134.17,133.67,49.27,54.03,29.51,48.65,56.66,49.57,66.85,49.73,36.76,25.20,38.98,54.77,49.46,25.86,9.74,16.26,32.04,7.74,16.95,8.30,14.93,20.97,31.59,20.52,5.88
避难所22,长宁县双河镇中心小学校,36.20,32.99,27.67,27.42,25.08,31.62,32.00,22.21,15.43,38.39,21.47,7.85,6.97,37.54,10.97,41.38,36.46,38.89,37.66,22.10,17.12,12.11,13.92,15.82,16.53,16.87,16.47,15.88,18.92,22.69,22.91,40.14,30.02,34.09,23.21,57.94,59.80,70.36,74.22,71.04,91.63,54.54,51.28,60.01,74.09,52.07,84.40,60.80,19.87,10.88,29.82,4.12,14.37,33.89,11.39,21.35,18.24,26.56,25.30,18.13,6.61,9.49,14.98,17.15,43.03,25.59,27.33,25.39,40.82,25.94,16.67,31.99,28.78,36.55,56.19,6.30,13.56,0.06,9.20,13.30,6.14,15.38,13.73,15.40,5.19,3.72,10.15,1.26,21.88,16.91,29.17,28.93,21.37,32.76,25.90,29.36,33.02,21.56,28.23,32.38,29.05,22.26,82.79,116.40,81.83,95.71,66.83,104.62,64.83,61.31,108.96,120.56,120.06,35.67,40.42,16.13,35.09,43.12,36.11,53.26,36.15,23.52,13.06,25.41,41.21,35.86,39.47,23.35,29.84,45.59,10.97,30.34,6.94,28.44,34.38,45.15,34.07,18.84
避难所23,长宁县老翁镇中心校,49.54,45.79,40.22,39.17,37.21,44.44,44.92,32.97,24.89,51.42,31.32,15.54,17.53,50.17,18.23,54.42,47.20,51.28,50.84,34.17,8.52,14.97,10.75,13.98,8.37,16.34,20.45,21.75,10.90,10.31,8.76,53.73,42.81,47.53,35.89,70.37,74.06,82.98,87.40,84.43,105.80,68.35,65.28,74.52,86.69,65.18,97.88,75.51,34.34,25.92,44.16,19.58,29.82,48.64,26.86,36.49,33.53,41.64,40.67,33.26,22.00,24.89,30.43,32.60,58.23,40.96,42.79,40.84,56.28,41.33,32.04,47.45,44.18,52.01,71.46,11.74,6.36,15.50,23.74,27.44,9.64,0.09,4.55,29.05,17.78,17.12,9.77,14.39,6.76,4.84,13.74,13.68,8.44,17.52,10.72,14.13,17.57,7.30,12.78,17.50,14.55,7.05,96.89,130.62,95.81,109.67,80.59,118.89,78.94,74.81,123.17,134.84,134.30,50.38,54.98,29.81,50.01,58.06,51.24,68.00,50.24,36.60,24.42,39.55,56.08,50.13,26.14,11.16,16.41,31.47,13.58,19.09,12.66,14.73,22.77,32.41,21.78,10.52
避难所24,长宁县万岭镇中心校,45.77,42.21,36.69,35.92,33.80,40.84,41.29,29.96,22.05,47.78,28.56,12.40,13.89,46.68,15.59,50.79,44.37,47.88,47.15,30.75,10.71,13.33,10.71,13.98,10.31,16.15,19.06,19.85,13.16,14.45,13.56,49.88,39.22,43.72,32.27,67.03,69.96,79.59,83.78,80.72,101.76,64.44,61.28,70.30,83.31,61.56,94.15,71.19,30.05,21.34,39.97,14.71,24.89,44.27,21.99,31.90,28.84,37.08,35.92,28.66,17.04,19.93,25.60,27.76,53.61,36.21,37.92,35.89,51.42,36.33,27.03,42.52,39.19,47.06,66.80,8.23,4.62,10.65,19.33,23.22,5.40,5.01,5.84,25.02,13.66,12.77,8.00,9.65,11.83,6.66,18.60,18.31,11.20,22.62,15.28,19.22,22.57,11.04,17.80,21.81,18.56,12.14,92.88,126.57,91.85,105.73,76.72,114.81,74.91,71.04,119.12,130.76,130.24,46.03,50.71,25.78,45.56,53.60,46.67,63.66,46.17,32.86,20.99,35.43,51.65,45.98,29.49,13.55,19.72,35.30,9.45,21.19,7.73,18.19,25.15,35.48,24.50,10.53
避难所25,宜宾市筠连县玉壶公园,16.85,20.36,23.55,26.31,26.17,20.79,20.22,31.21,36.98,18.11,33.62,43.15,40.64,20.24,42.10,18.06,28.27,21.33,17.41,27.97,56.06,46.45,51.45,50.80,55.51,49.76,44.67,42.27,56.68,62.14,63.53,14.80,21.56,16.99,25.63,28.52,20.68,37.23,38.20,34.51,51.21,18.90,15.52,19.68,40.47,21.39,46.46,19.62,23.56,31.53,15.16,38.29,28.80,9.94,31.20,20.96,24.03,15.82,17.18,24.19,36.30,33.63,27.57,25.49,0.82,16.89,16.31,19.26,7.92,20.09,27.55,13.96,17.87,11.87,14.10,46.04,55.63,42.24,33.75,30.36,47.80,57.37,54.64,29.32,39.84,40.35,49.27,43.20,63.31,59.16,71.15,71.09,63.55,73.88,68.08,70.60,74.71,63.83,69.95,74.64,71.32,63.75,42.80,75.49,42.29,55.78,29.21,63.71,25.83,25.71,68.15,79.46,79.06,8.77,7.56,28.62,8.02,3.40,6.21,12.46,12.55,24.26,35.23,19.50,4.35,11.51,81.35,65.34,71.92,87.70,50.51,71.63,47.74,70.61,75.61,86.62,75.64,60.24
避难所26,宜宾市筠连县米诺公园,17.17,20.71,23.92,26.68,26.55,21.15,20.57,31.59,37.36,18.40,34.00,43.52,41.01,20.54,42.48,18.31,28.59,21.62,17.71,28.35,56.44,46.83,51.83,51.18,55.88,50.14,45.06,42.65,57.05,62.52,63.90,15.06,21.93,17.34,26.02,28.56,20.51,37.16,38.07,34.38,50.95,18.85,15.50,19.47,40.39,21.45,46.27,19.36,23.93,31.89,15.55,38.63,29.13,10.32,31.54,21.31,24.38,16.19,17.51,24.55,36.64,33.96,27.90,25.82,0.43,17.22,16.60,19.53,7.88,20.33,27.85,14.15,18.08,11.95,13.72,46.41,55.97,42.59,34.11,30.73,48.16,57.73,55.00,29.70,40.21,40.71,49.65,43.55,63.68,59.51,71.51,71.45,63.90,74.25,68.44,70.97,75.07,64.18,70.31,74.99,71.66,64.12,42.56,75.21,42.06,55.53,29.06,63.43,25.65,25.63,67.87,79.17,78.77,9.14,7.83,29.00,8.40,3.50,6.58,12.25,12.89,24.64,35.61,19.88,4.61,11.86,81.68,65.68,72.27,88.04,50.83,71.95,48.08,70.95,75.94,86.95,75.97,60.57
避难所27,筠连镇白花小学,15.20,17.93,20.17,23.00,22.51,18.07,17.56,27.34,32.61,17.05,29.71,38.42,35.88,18.88,37.50,17.82,26.38,20.24,16.17,23.99,51.36,41.83,46.78,46.24,50.80,45.29,40.31,37.91,52.04,57.45,58.76,14.44,18.54,14.74,21.67,30.77,24.90,40.50,42.04,38.40,55.90,22.14,18.59,24.19,43.90,23.49,50.73,24.34,18.90,26.65,11.36,33.37,23.89,6.42,26.28,16.08,19.12,11.01,12.26,19.31,31.38,28.70,22.64,20.57,5.67,11.98,11.60,14.63,7.74,15.64,22.69,10.07,13.70,9.43,18.90,41.22,50.71,37.34,28.91,25.61,42.93,52.50,49.83,24.69,35.02,35.49,44.51,38.30,58.49,54.25,66.29,66.21,58.64,69.10,63.20,65.80,69.88,58.93,65.11,69.74,66.41,58.93,47.40,80.28,46.81,60.41,33.24,68.49,30.11,29.21,72.93,84.28,83.86,6.05,7.91,24.01,4.38,6.74,1.71,16.99,10.76,20.25,30.68,15.29,5.83,9.48,76.43,60.42,67.00,82.78,45.60,66.71,42.82,65.69,70.70,81.71,70.72,55.32
避难所28,筠连县巡司镇礼义小学,17.68,19.42,20.30,23.08,22.07,19.21,18.80,26.38,30.58,19.91,28.63,35.36,32.76,21.40,34.83,21.27,28.10,22.93,18.94,22.93,48.33,39.10,43.85,43.62,47.76,42.89,38.20,35.84,49.21,54.42,55.51,17.98,19.25,16.65,20.74,35.35,29.91,45.41,47.05,43.41,60.75,27.09,23.52,29.13,48.84,28.08,55.74,29.16,16.42,23.11,11.52,29.46,19.61,8.20,22.23,12.79,15.44,8.43,8.25,15.90,27.31,24.53,18.59,16.44,10.17,7.96,6.79,9.72,7.95,10.63,18.14,5.31,8.71,6.45,22.79,37.84,46.66,33.50,25.54,22.65,39.31,48.84,46.44,22.14,31.67,31.99,41.31,34.55,55.04,50.30,62.65,62.47,54.62,65.77,59.44,62.43,66.37,55.03,61.58,65.87,62.47,55.46,52.31,85.02,51.75,65.30,38.26,73.25,35.11,34.19,77.69,88.98,88.58,8.92,12.36,21.54,6.86,11.76,5.01,21.91,13.53,19.29,28.25,14.22,10.77,12.24,72.20,56.29,62.89,78.65,41.22,62.37,38.63,61.63,66.33,77.35,66.42,51.06
避难所29,筠连县民主中学,25.11,25.13,23.48,25.76,23.84,24.36,24.20,26.46,27.67,27.67,28.15,29.51,26.90,28.49,30.01,29.76,33.30,30.16,26.65,23.26,42.04,33.88,37.95,38.48,41.44,38.31,34.55,32.42,43.35,47.96,48.51,26.83,23.67,23.42,21.72,45.25,40.83,55.92,57.85,54.24,71.57,37.74,34.16,40.04,59.43,38.08,66.66,39.99,14.83,16.95,17.02,21.59,11.38,16.82,14.52,10.37,10.51,10.88,7.12,11.72,19.07,16.19,11.42,9.51,20.95,7.14,4.76,2.00,16.16,0.31,9.02,6.98,3.17,11.27,32.78,31.00,37.87,25.63,19.60,18.29,31.78,40.97,39.30,18.99,25.26,25.13,34.81,26.84,47.56,41.69,54.63,54.18,45.77,58.43,51.15,55.03,58.61,46.50,53.83,57.25,53.74,47.93,63.18,95.71,62.66,76.17,49.14,83.96,46.03,44.89,88.41,99.61,99.24,18.26,22.62,18.69,16.48,22.67,15.59,32.81,21.92,20.49,24.56,16.60,21.54,20.81,62.75,47.16,53.75,69.39,31.66,52.69,29.63,52.63,56.57,67.59,56.83,41.67
避难所30,筠连县第三中学,17.37,20.01,22.02,24.85,24.23,20.10,19.60,28.94,33.87,19.23,31.28,39.26,36.69,21.06,38.51,19.98,28.51,22.42,18.35,25.54,52.23,42.83,47.69,47.29,51.66,46.43,41.56,39.17,53.00,58.32,59.52,16.60,20.49,16.86,23.25,32.57,25.85,41.97,43.25,39.57,56.41,23.59,20.08,24.91,45.31,25.31,51.66,24.83,19.93,27.23,13.12,33.74,23.99,8.41,26.55,16.73,19.59,11.89,12.49,19.92,31.64,28.89,22.90,20.77,5.79,12.20,11.21,14.09,5.62,14.86,22.56,8.78,12.65,7.44,18.44,41.90,51.00,37.76,29.58,26.47,43.48,53.03,50.51,25.73,35.71,36.10,45.29,38.77,59.15,54.60,66.85,66.70,58.94,69.83,63.68,66.51,70.51,59.32,65.73,70.15,66.77,59.57,48.02,80.63,47.52,61.00,34.33,68.86,31.03,30.57,73.31,84.58,84.19,8.20,9.91,25.07,6.42,7.90,3.68,17.69,12.93,21.81,31.78,16.77,7.48,11.65,76.59,60.65,67.25,83.02,45.63,66.77,43.00,65.97,70.74,81.76,70.82,55.45
避难所31,筠连县蒿坝镇平安小学,21.83,24.41,26.14,28.96,28.18,24.45,23.97,32.69,37.07,23.66,34.97,41.71,39.10,25.51,41.28,24.31,32.95,26.86,22.79,29.25,54.67,45.53,50.22,50.07,54.09,49.37,44.70,42.33,55.60,60.74,61.74,20.93,24.76,21.29,27.01,36.10,27.79,44.80,45.52,41.81,57.21,26.51,23.15,26.43,47.99,28.91,53.34,25.90,22.91,29.32,17.22,35.37,25.26,12.78,28.09,19.19,21.65,14.92,14.47,22.22,33.09,30.24,24.50,22.33,7.75,14.19,12.17,14.51,1.46,14.72,23.44,8.05,12.03,4.53,17.79,44.04,52.35,39.44,31.81,29.07,45.37,54.85,52.62,28.62,37.92,38.16,47.59,40.54,61.16,56.07,68.65,68.38,60.30,71.95,65.34,68.59,72.45,60.84,67.65,71.66,68.21,61.57,49.10,81.02,48.77,61.95,36.43,69.32,32.83,33.24,73.79,84.86,84.52,12.66,14.01,28.03,10.84,10.96,8.10,19.37,17.38,25.56,34.73,20.48,11.21,16.11,77.60,61.84,68.45,84.16,46.51,67.62,44.20,67.26,71.53,82.56,71.73,56.47
避难所32,江安县江安镇东城小学校,55.60,51.65,46.07,44.71,42.97,50.33,50.85,38.33,30.28,57.31,36.41,21.72,24.06,55.88,23.75,60.28,52.08,56.86,56.81,40.00,10.29,19.77,14.62,17.06,10.61,19.29,24.42,26.24,11.53,6.90,3.54,59.87,48.72,53.67,41.91,75.75,80.46,88.37,93.09,90.26,112.04,74.50,71.57,81.08,92.05,70.96,103.70,82.19,41.18,33.15,50.81,27.14,37.40,55.48,34.38,43.66,40.81,48.73,48.00,40.45,29.62,32.51,37.90,40.06,65.34,48.29,50.26,48.42,63.73,48.97,39.68,55.00,51.81,59.56,78.62,18.51,13.06,23.07,30.81,34.27,17.00,7.85,9.94,35.65,24.71,24.27,15.52,21.90,1.27,9.62,7.07,7.94,9.52,9.77,5.95,6.37,10.16,7.09,5.44,12.28,10.58,0.80,103.11,136.86,101.95,115.77,86.65,125.18,85.23,80.75,129.41,141.12,140.54,57.18,61.66,36.40,56.95,64.98,58.33,74.74,56.68,42.78,30.47,46.15,62.95,56.67,22.47,11.72,13.83,26.57,20.76,18.43,20.34,12.10,21.24,28.98,19.69,14.60
避难所33,江安县江安镇西城小学校,54.62,50.67,45.09,43.73,41.99,49.34,49.86,37.35,29.30,56.33,35.43,20.75,23.09,54.90,22.76,59.29,51.11,55.88,55.83,39.02,9.35,18.79,13.65,16.12,9.66,18.36,23.47,25.27,10.66,6.34,3.11,58.89,47.73,52.69,40.93,74.77,79.48,87.39,92.11,89.27,111.06,73.52,70.58,80.10,91.07,69.98,102.72,81.22,40.21,32.22,49.84,26.26,36.53,54.51,33.49,42.72,39.89,47.78,47.07,39.51,28.76,31.65,37.00,39.16,64.39,47.36,49.36,47.54,62.82,48.10,38.82,54.11,50.94,58.68,77.67,17.56,12.56,22.20,29.87,33.31,16.11,7.10,8.98,34.68,23.76,23.34,14.55,21.02,0.29,9.29,8.05,8.87,9.65,10.60,6.73,7.20,11.11,7.27,6.42,13.19,11.37,0.27,102.13,135.87,100.97,114.79,85.66,124.20,84.25,79.77,128.42,140.13,139.56,56.22,60.69,35.43,56.00,64.02,57.39,73.77,55.70,41.79,29.49,45.18,61.99,55.70,23.31,12.00,14.51,27.50,20.22,18.95,19.65,12.77,21.87,29.81,20.37,14.49
避难所34,江安县江安镇建国小学校,60.32,56.62,51.05,50.03,48.06,55.26,55.73,43.82,35.73,62.24,42.14,26.38,28.29,61.01,29.07,65.24,58.01,62.14,61.65,45.02,17.37,25.64,20.97,23.90,17.53,26.25,30.90,32.40,19.11,15.08,11.74,64.48,53.63,58.29,46.70,81.23,84.69,93.83,98.23,95.24,116.48,79.08,75.97,85.06,97.55,76.00,108.69,85.96,44.82,36.09,54.72,29.28,39.23,59.04,36.49,46.62,43.51,51.82,50.52,43.39,31.43,34.25,40.13,42.28,68.31,50.81,52.33,50.12,65.80,50.37,41.16,56.76,53.25,61.26,81.44,22.49,12.21,25.30,34.10,37.96,20.06,10.91,15.06,39.69,28.34,27.52,20.59,24.38,8.90,8.43,6.52,4.92,4.52,12.79,2.99,10.46,10.80,3.73,7.63,7.18,3.78,8.50,107.58,141.29,106.53,120.40,91.34,129.54,89.62,85.60,133.84,145.49,144.96,60.80,65.48,40.46,60.32,68.36,61.38,78.43,60.88,47.38,35.25,50.15,66.42,60.72,15.36,4.84,5.88,20.65,19.24,10.26,20.47,4.12,13.11,21.74,11.68,10.06
避难所35,江安县大井镇中心校,63.89,60.17,54.59,53.53,51.59,58.81,59.29,47.29,39.19,65.79,45.57,29.91,31.87,64.55,32.53,68.80,61.42,65.65,65.21,48.55,20.33,28.99,24.18,26.99,20.54,29.31,34.13,35.72,21.86,17.24,13.86,68.07,57.18,61.87,50.26,84.73,88.30,97.34,101.78,98.80,120.08,82.67,79.57,88.68,101.05,79.55,112.25,89.57,48.43,39.71,58.33,32.88,42.80,62.66,40.07,50.24,47.12,55.44,54.12,47.01,35.01,37.82,43.72,45.86,71.91,54.41,55.90,53.66,69.35,53.88,44.70,60.30,56.76,64.79,85.04,26.06,15.73,28.91,37.72,41.57,23.67,14.43,18.44,43.30,31.95,31.14,24.04,27.99,11.41,12.01,5.84,3.76,7.84,11.99,4.49,10.55,9.29,7.35,7.80,3.74,0.17,10.95,111.18,144.89,110.12,123.99,94.93,133.15,93.22,89.17,137.44,149.10,148.57,64.42,69.09,44.06,63.93,71.98,65.00,82.05,64.49,50.95,38.79,53.76,70.04,64.33,12.16,7.15,3.83,17.09,22.50,9.40,23.96,2.61,11.25,18.63,9.49,12.89
避难所36,江安县江安镇南屏小学校,54.92,51.04,45.46,44.21,42.38,49.70,50.21,37.87,29.78,56.70,36.03,20.90,23.13,55.33,23.17,59.68,51.81,56.36,56.17,39.38,10.41,19.37,14.39,17.10,10.63,19.41,24.32,26.00,12.02,8.20,5.07,59.17,48.09,52.96,41.23,75.33,79.66,87.95,92.57,89.69,111.32,73.80,70.81,80.22,91.65,70.40,103.14,81.27,40.16,31.93,49.89,25.72,35.97,54.48,32.99,42.49,39.57,47.60,46.74,39.26,28.15,31.04,36.55,38.71,64.21,47.03,48.91,46.99,62.40,47.48,38.19,53.60,50.34,58.15,77.46,17.45,11.07,21.64,29.67,33.25,15.68,6.24,9.08,34.73,23.62,23.08,14.77,20.51,1.98,7.57,7.76,8.12,7.68,11.47,5.53,8.11,11.42,5.30,6.63,12.32,10.07,1.78,102.39,136.14,101.27,115.10,85.99,124.44,84.48,80.14,128.69,140.39,139.82,56.20,60.73,35.49,55.90,63.95,57.21,73.79,55.85,42.04,29.75,45.25,61.93,55.80,22.07,10.05,12.96,26.62,18.79,17.16,18.54,11.20,20.21,28.55,18.79,12.58
避难所37,江安县万里镇中心小学校,19.16,23.02,28.60,30.12,31.71,24.34,23.83,36.55,44.45,17.36,38.72,53.19,51.19,18.95,50.92,14.42,25.02,18.26,17.87,34.67,64.86,54.98,60.22,58.48,64.40,56.74,51.21,49.00,64.68,70.56,72.76,15.06,25.95,21.20,32.82,8.27,8.76,16.48,19.11,15.84,37.58,2.70,5.63,11.35,20.00,4.47,29.23,13.97,35.47,44.61,25.72,51.83,44.51,23.11,45.91,35.41,38.71,30.72,33.88,38.19,50.60,48.50,42.70,41.07,21.08,33.67,34.75,37.82,28.96,39.19,44.25,34.16,37.63,32.92,21.78,56.99,68.62,55.19,45.99,41.91,59.53,68.63,64.96,39.93,51.27,52.26,59.27,55.78,73.40,71.57,81.69,82.13,76.12,82.96,79.30,80.00,84.53,75.79,80.06,86.15,83.22,73.89,28.66,62.30,27.37,41.12,12.02,50.75,11.57,6.13,54.87,66.61,66.00,21.43,16.83,39.18,23.02,17.88,23.99,12.31,19.27,32.10,44.31,29.84,18.27,19.86,94.40,78.35,84.63,100.12,65.23,85.53,61.73,83.09,89.57,100.27,89.21,74.03
避难所38,江安县仁和乡中心小学校,54.83,50.89,45.31,43.96,42.21,49.56,50.08,37.58,29.52,56.55,35.67,20.94,23.27,55.12,22.98,59.52,51.36,56.11,56.05,39.23,9.61,19.02,13.89,16.38,9.92,18.63,23.72,25.52,10.95,6.61,3.36,59.10,47.95,52.90,41.14,75.01,79.68,87.63,92.34,89.50,111.27,73.73,70.79,80.30,91.31,70.20,102.95,81.41,40.39,32.36,50.02,26.38,36.64,54.69,33.61,42.88,40.03,47.94,47.22,39.67,28.86,31.75,37.12,39.28,64.55,47.50,49.49,47.65,62.96,48.21,38.92,54.23,51.05,58.79,77.83,17.72,12.51,22.31,30.03,33.49,16.23,7.14,9.15,34.86,23.92,23.48,14.74,21.13,0.51,9.19,7.81,8.60,9.43,10.51,6.45,7.11,10.94,7.04,6.23,12.93,11.08,0.01,102.34,136.08,101.18,115.00,85.88,124.41,84.46,79.99,128.63,140.34,139.77,56.40,60.88,35.62,56.17,64.20,57.55,73.95,55.90,42.00,29.70,45.37,62.16,55.89,23.03,11.76,14.22,27.23,20.19,18.68,19.67,12.48,21.59,29.53,20.09,14.32
避难所39,江安县留耕镇杨小学校,61.31,57.44,51.85,50.60,48.78,56.10,56.60,44.26,36.17,63.09,42.40,27.27,29.45,61.73,29.57,66.08,58.14,62.76,62.56,45.78,16.47,25.74,20.68,23.23,16.77,25.48,30.56,32.31,17.71,12.70,9.36,65.55,54.48,59.34,47.61,81.72,86.01,94.34,98.97,96.08,117.69,80.18,77.18,86.53,98.03,76.80,109.54,87.56,46.41,38.02,56.19,31.55,41.72,60.72,38.83,48.59,45.60,53.73,52.72,45.35,33.87,36.75,42.43,44.60,70.32,53.01,54.76,52.71,68.26,53.10,43.82,59.35,55.97,63.88,83.55,23.73,15.35,27.48,35.83,39.50,21.74,12.17,15.47,41.04,29.84,29.21,21.16,26.42,7.36,11.42,2.03,1.75,8.60,8.18,1.88,6.00,6.44,6.79,3.15,6.08,4.91,6.87,108.77,142.51,107.65,121.49,92.38,130.81,90.85,86.53,135.06,146.75,146.20,62.45,67.02,41.80,62.11,70.15,63.34,80.06,62.19,48.41,36.13,51.56,68.16,62.12,16.40,9.44,8.60,20.38,22.85,13.97,23.49,7.11,16.06,22.90,14.29,14.36
避难所40,江安县红桥中心小学校,53.21,49.64,44.11,43.29,41.21,48.28,48.72,37.25,29.25,55.22,35.75,19.66,21.30,54.10,22.67,58.23,51.61,55.29,54.59,38.15,13.68,19.80,15.92,19.18,13.58,21.54,25.42,26.56,15.99,14.31,11.83,57.32,46.65,51.16,39.70,74.43,77.34,87.00,91.22,88.16,109.16,71.86,68.69,77.64,90.73,68.99,101.59,78.49,37.41,28.57,47.34,21.67,31.59,51.56,28.86,39.06,35.93,44.27,42.91,35.84,23.79,26.61,32.50,34.65,60.72,43.20,44.69,42.48,58.15,42.75,33.53,49.13,45.62,53.63,73.83,15.56,4.65,17.73,26.67,30.61,12.83,5.24,9.72,32.45,21.09,20.16,14.44,16.87,8.92,0.80,12.73,11.88,3.76,18.01,8.93,14.85,17.07,4.07,12.65,14.81,11.38,8.91,100.28,133.96,99.27,113.15,84.15,122.19,82.31,78.48,126.51,138.14,137.62,53.34,58.05,33.21,52.80,60.83,53.81,70.95,53.58,40.30,28.38,42.82,58.91,53.37,22.05,6.24,12.28,27.93,12.14,14.11,12.89,10.78,17.94,28.07,17.16,5.66
避难所41,兴文县古宋镇和平小学校,75.14,71.55,66.01,65.11,63.08,70.19,70.64,58.96,50.89,77.14,57.33,41.43,43.19,76.00,44.23,80.15,73.20,77.17,76.51,60.02,32.34,40.86,36.15,39.00,32.56,41.33,46.10,47.62,33.83,28.95,25.61,79.23,68.56,73.08,61.62,96.29,99.15,108.88,113.14,110.09,130.98,93.76,90.56,99.36,112.60,90.91,123.51,100.11,59.20,50.22,69.15,43.12,52.50,73.22,50.05,60.56,57.32,65.77,64.07,57.37,44.95,47.62,53.68,55.76,81.98,64.36,65.48,63.00,78.73,62.96,54.08,69.56,65.81,73.92,94.89,37.42,25.80,39.37,48.47,52.47,34.76,26.05,30.28,54.35,43.01,42.04,35.77,38.63,23.37,22.70,16.26,14.63,18.16,20.46,16.46,20.68,17.13,18.71,18.52,10.47,11.86,22.90,122.12,155.76,121.14,135.02,106.05,143.98,104.16,100.40,148.32,159.91,159.41,75.01,79.77,55.11,74.35,82.34,75.19,92.56,75.44,62.22,50.24,64.68,80.48,75.19,0.14,16.01,9.66,7.00,31.00,10.23,33.50,11.29,7.09,6.65,6.02,21.04
避难所42,兴文县玉屏乡玉屏小学校,53.78,50.20,44.67,43.84,41.76,48.84,49.29,37.79,29.79,55.78,36.29,20.20,21.85,54.66,23.20,58.79,52.15,55.85,55.15,38.70,13.99,20.29,16.35,19.59,13.91,21.95,25.90,27.06,16.27,14.39,11.81,57.88,47.21,51.72,40.26,74.99,77.91,87.56,91.79,88.73,109.73,72.43,69.26,78.21,91.28,69.56,102.15,79.05,37.98,29.14,47.91,22.23,32.14,52.13,29.41,39.63,36.49,44.84,43.46,36.41,24.34,27.16,33.06,35.20,61.28,43.75,45.24,43.02,58.70,43.28,34.07,49.67,46.16,54.17,74.39,16.11,5.15,18.30,27.24,31.18,13.40,5.63,10.14,33.01,21.66,20.73,14.94,17.44,8.84,1.37,12.30,11.40,3.20,17.68,8.47,14.56,16.65,3.57,12.30,14.27,10.82,8.80,100.85,134.53,99.84,113.72,84.71,122.76,82.88,79.05,127.08,138.71,138.19,53.90,58.62,33.77,53.36,61.39,54.38,71.52,54.15,40.86,28.93,43.39,59.48,53.94,21.48,5.72,11.71,27.36,12.56,13.61,13.40,10.21,17.43,27.52,16.62,5.60
避难所43,兴文县莲花镇水栏小学校,76.20,72.50,66.93,65.88,63.93,71.14,71.61,59.64,51.53,78.12,57.90,42.26,44.17,76.89,44.88,81.13,73.73,78.00,77.53,60.89,32.30,41.28,36.38,39.05,32.58,41.32,46.31,47.97,33.56,28.33,25.10,80.35,69.51,74.17,62.58,97.08,100.48,109.69,114.11,111.12,132.29,94.94,91.80,100.80,113.40,91.89,124.57,101.63,60.56,51.70,70.49,44.71,54.34,74.70,51.77,62.15,58.97,67.36,65.84,58.94,46.68,49.41,55.42,57.53,83.72,66.13,67.40,65.00,80.74,65.06,56.05,71.61,67.92,76.02,96.73,38.37,27.34,40.84,49.82,53.75,35.88,26.78,30.77,55.53,44.17,43.29,36.39,40.01,23.20,23.95,15.41,14.12,19.46,18.62,16.47,19.40,15.35,19.57,17.62,9.78,12.18,22.71,123.40,157.10,122.37,136.25,107.21,145.34,105.44,101.48,149.65,161.28,160.76,76.48,81.20,56.29,75.92,83.93,76.86,94.09,76.70,63.26,51.13,65.95,82.03,76.51,3.68,17.66,11.05,4.78,33.13,13.09,35.32,12.39,10.47,8.13,9.06,23.09
避难所44,兴文县毓秀苗族乡毓秀小学校,41.54,38.61,33.47,33.46,31.05,37.26,37.59,28.49,21.86,43.85,27.86,13.75,13.33,43.17,17.11,46.80,42.61,44.59,43.07,28.14,19.55,17.39,17.65,20.27,19.03,21.79,22.36,22.05,21.78,24.16,23.45,45.31,35.69,39.41,29.05,63.49,64.34,75.79,79.37,76.10,96.12,59.43,56.07,64.33,79.51,57.38,89.36,64.92,24.82,15.69,34.62,8.55,17.06,38.21,14.75,25.42,22.11,30.59,28.67,22.33,9.75,12.24,18.33,20.36,46.57,28.95,30.06,27.66,43.39,27.78,18.70,34.27,30.65,38.72,59.45,10.82,10.47,6.40,14.72,18.80,8.67,14.80,15.10,21.09,11.62,10.15,13.82,6.82,21.64,14.38,27.67,26.98,18.30,32.27,23.99,28.90,31.88,19.18,27.21,29.82,26.28,21.91,87.35,120.79,86.49,100.34,71.69,108.99,69.45,66.35,113.38,124.89,124.42,40.01,44.86,21.77,39.18,47.08,39.85,57.39,41.05,29.20,19.43,30.46,45.29,40.61,35.54,19.71,26.32,42.03,4.96,25.80,2.27,25.16,29.81,40.79,29.80,14.40
避难所45,兴文县共乐镇初级中学校,62.83,58.89,53.31,51.94,50.21,57.57,58.08,45.56,37.51,64.55,43.61,28.91,31.20,63.11,30.99,67.52,59.23,64.09,64.05,47.24,17.36,26.99,21.82,24.10,17.74,26.26,31.52,33.40,18.26,12.76,9.68,67.10,55.96,60.90,49.14,82.95,87.67,95.57,100.32,97.49,119.27,81.74,78.79,88.27,99.24,78.20,110.94,89.35,48.27,40.05,57.96,33.75,43.98,62.58,41.04,50.61,47.68,55.72,54.84,47.38,36.14,39.03,44.61,46.78,72.33,55.13,56.97,54.99,70.46,55.43,46.14,61.61,58.29,66.16,85.58,25.56,17.96,29.68,37.80,41.36,23.79,14.26,17.09,42.80,31.74,31.20,22.73,28.57,8.50,14.04,0.80,2.82,11.39,5.55,4.66,4.15,3.68,9.52,2.01,6.19,6.61,8.02,110.34,144.09,109.19,123.01,93.88,132.41,92.45,87.99,136.64,148.35,147.78,64.30,68.81,43.55,64.02,72.06,65.33,81.88,63.88,50.00,37.69,53.31,70.04,63.85,16.79,12.15,10.36,19.86,25.53,15.97,26.00,9.13,17.56,23.19,15.67,17.14
避难所46,宜宾市屏山县锦屏镇中心学校,46.75,50.82,56.35,58.02,59.50,52.10,51.56,64.44,72.24,45.19,66.64,80.71,78.57,46.88,78.62,42.31,52.71,46.20,45.60,62.39,92.67,82.76,88.00,86.36,92.19,84.65,79.13,76.90,92.57,98.43,100.55,42.47,53.69,48.67,60.43,29.85,22.17,20.50,13.86,14.30,9.71,27.84,30.82,22.34,18.98,32.10,8.73,22.34,62.10,71.13,52.15,78.32,69.86,48.29,71.79,61.10,64.42,55.97,58.38,64.17,76.76,74.35,68.31,66.41,41.35,58.12,58.11,61.12,47.58,61.99,69.01,55.72,59.70,52.71,31.73,84.35,95.51,81.95,72.83,68.86,86.72,96.03,92.53,67.08,78.43,79.31,86.85,82.67,101.07,98.68,109.32,109.66,103.20,110.80,106.78,107.80,112.29,103.05,107.76,113.59,110.54,101.55,0.92,34.53,2.13,13.91,15.99,22.85,17.16,22.14,27.08,38.78,38.21,46.49,41.64,66.32,47.43,39.87,47.21,29.52,45.90,59.58,71.88,56.64,41.42,46.11,121.42,105.30,111.72,127.37,91.37,112.18,88.17,110.24,116.22,127.09,116.01,100.66
避难所47,宜宾市屏山县共和希望小学,78.90,82.88,88.45,89.99,91.57,84.19,83.66,96.41,104.32,77.23,98.55,112.92,110.81,78.79,110.76,74.29,84.02,77.99,77.70,94.51,124.74,114.85,120.09,118.34,124.28,116.56,111.03,108.85,124.54,130.42,132.64,74.65,85.79,80.86,92.60,60.23,54.43,48.43,42.44,44.69,22.60,60.01,63.07,54.40,45.28,63.78,31.62,54.01,94.37,103.39,84.42,110.57,101.96,80.50,103.98,93.29,96.60,88.14,90.41,96.40,108.97,106.53,100.46,98.53,72.98,90.14,89.90,92.85,78.50,93.58,101.00,87.11,91.14,83.71,61.84,116.60,127.78,114.22,105.10,101.13,118.99,128.28,124.73,99.34,110.70,111.58,119.05,114.95,133.24,130.95,141.51,141.88,135.48,142.83,139.01,139.88,144.40,135.32,139.91,145.84,142.81,133.72,31.46,3.09,32.55,18.78,47.87,10.01,49.43,53.85,5.54,7.34,6.47,78.70,73.87,98.58,79.56,71.84,79.18,61.45,78.17,91.78,104.07,88.92,73.49,78.39,153.69,137.57,144.00,159.64,123.55,144.42,120.40,142.52,148.46,159.35,148.27,132.90
避难所48,屏山县中都镇中心校,46.47,50.48,56.03,57.64,59.17,51.78,51.25,64.06,71.92,44.84,66.24,80.48,78.37,46.47,78.33,41.93,52.12,45.74,45.28,62.09,92.34,82.44,87.69,85.99,91.88,84.26,78.73,76.52,92.20,98.07,100.24,42.20,53.37,48.41,60.16,29.01,22.17,19.27,12.60,13.33,10.07,27.57,30.64,22.55,17.59,31.58,7.24,22.73,62.01,71.07,52.06,78.27,69.94,48.32,71.81,61.12,64.45,56.03,58.51,64.17,76.76,74.39,68.35,66.48,41.66,58.26,58.34,61.36,48.06,62.28,69.15,56.06,60.03,53.15,32.42,84.16,95.42,81.87,72.72,68.73,86.57,95.83,92.29,66.92,78.28,79.18,86.60,82.57,100.80,98.54,109.07,109.43,103.08,110.46,106.57,107.48,111.99,102.89,107.48,113.39,110.37,101.29,1.49,34.80,0.56,13.84,15.51,23.23,17.06,21.61,27.36,39.09,38.49,46.51,41.65,66.15,47.51,40.06,47.39,29.76,45.76,59.33,71.62,56.52,41.55,46.02,121.31,105.20,111.60,127.22,91.38,112.13,88.14,110.11,116.18,127.02,115.94,100.61
避难所49,屏山县富荣镇中心学校,46.26,50.27,55.82,57.43,58.96,51.57,51.04,63.85,71.71,44.63,66.03,80.27,78.16,46.26,78.12,41.72,51.91,45.53,45.07,61.88,92.13,82.23,87.48,85.78,91.67,84.05,78.52,76.31,91.99,97.86,100.03,42.00,53.17,48.20,59.95,28.80,21.98,19.08,12.42,13.13,10.28,27.36,30.44,22.36,17.43,31.37,7.25,22.56,61.81,70.87,51.86,78.07,69.75,48.12,71.62,60.92,64.25,55.83,58.32,63.97,76.56,74.19,68.16,66.29,41.48,58.07,58.15,61.18,47.89,62.09,68.96,55.89,59.85,52.98,32.28,83.95,95.21,81.66,72.52,68.52,86.36,95.63,92.08,66.71,78.07,78.97,86.40,82.37,100.59,98.34,108.86,109.23,102.87,110.25,106.36,107.27,111.78,102.69,107.27,113.18,110.16,101.08,1.66,35.01,0.51,14.04,15.30,23.44,16.86,21.39,27.57,39.30,38.70,46.32,41.46,65.95,47.32,39.87,47.20,29.58,45.55,59.13,71.42,56.31,41.36,45.82,121.11,104.99,111.40,127.02,91.19,111.93,87.94,109.90,115.97,126.82,115.74,100.41
避难所50,屏山县福延镇中心学校,37.30,41.37,46.90,48.59,50.05,42.65,42.11,55.00,62.79,35.75,57.21,71.26,69.13,37.46,69.16,32.89,43.49,36.83,36.15,52.94,83.21,73.30,78.55,76.92,82.74,75.22,69.70,67.46,83.12,88.98,91.10,33.01,44.23,39.21,50.97,21.40,12.91,14.90,9.75,7.66,19.16,18.39,21.38,13.53,15.12,22.82,13.53,14.16,52.72,61.78,42.77,68.99,60.69,39.04,62.54,51.84,55.17,46.76,49.30,54.89,67.47,65.11,59.09,57.23,32.72,49.05,49.23,52.27,39.45,53.24,59.94,47.14,51.08,44.44,24.69,74.91,86.13,72.58,63.44,59.45,77.30,86.59,83.08,57.65,69.01,69.90,77.40,73.28,91.61,89.27,99.86,100.21,93.80,101.35,97.33,98.34,102.83,93.63,98.30,104.15,101.11,92.10,10.24,43.98,9.27,23.13,6.86,32.31,7.77,12.97,36.53,48.24,47.67,37.24,32.38,56.89,38.27,30.93,38.23,20.75,36.48,50.12,62.42,47.24,32.35,36.73,112.03,95.91,102.32,117.95,82.10,102.84,78.85,100.83,106.89,117.73,106.65,91.32
避难所51,屏山县太平乡中心学校,73.62,77.60,83.17,84.72,86.30,78.91,78.38,91.15,99.04,71.95,93.29,107.63,105.52,73.53,105.48,69.02,78.82,72.73,72.41,89.23,119.46,109.57,114.81,113.07,119.00,111.30,105.77,103.59,119.28,125.16,127.36,69.36,80.51,75.57,87.31,55.08,49.14,43.41,37.32,39.48,17.31,54.72,57.78,49.12,40.35,58.53,26.54,48.77,89.08,98.10,79.13,105.28,96.70,75.22,98.70,88.01,91.32,82.86,85.15,91.11,103.69,101.25,95.19,93.26,67.76,84.89,84.68,87.63,73.37,88.37,95.75,81.93,85.95,78.57,56.76,111.31,122.49,108.93,99.81,95.84,113.70,122.98,119.44,94.05,105.41,106.29,113.76,109.65,127.95,125.66,136.22,136.59,130.19,137.56,133.72,134.60,139.12,130.03,134.63,140.54,137.51,128.44,26.17,7.81,27.26,13.54,42.59,5.19,44.14,48.59,1.83,12.22,11.49,73.42,68.59,93.29,74.29,66.58,73.92,56.20,72.87,86.49,98.78,83.62,68.22,73.09,148.40,132.28,138.71,154.35,118.27,139.13,115.12,137.22,143.17,154.06,142.98,127.62
避难所52,屏山县楼东乡初级中学校,30.61,34.73,40.23,41.98,43.38,35.99,35.44,48.37,56.12,29.14,50.61,64.54,62.40,30.91,62.46,26.31,37.23,30.35,29.50,46.26,76.54,66.62,71.87,70.28,76.06,68.61,63.09,60.84,76.48,82.33,84.42,26.31,37.57,32.51,44.27,16.59,6.38,14.43,12.15,8.56,25.88,11.73,14.65,7.74,16.24,16.61,19.46,9.28,46.00,55.07,36.05,62.27,54.06,32.39,55.86,45.17,48.51,40.12,42.75,48.20,60.78,58.44,52.44,50.60,26.59,42.50,42.81,45.87,33.68,46.91,53.37,40.97,44.84,38.53,20.32,68.19,79.40,65.85,56.71,52.72,70.57,79.86,76.36,50.92,62.28,63.17,70.69,66.56,84.91,82.54,93.15,93.49,87.07,94.69,90.61,91.66,96.14,86.90,91.60,97.42,94.38,85.39,16.97,50.70,15.97,29.85,3.38,39.01,1.19,7.37,43.25,54.95,54.39,30.59,25.72,50.16,31.68,24.53,31.76,14.65,29.75,43.41,55.71,40.51,25.84,30.01,105.30,89.19,95.59,111.22,75.42,96.13,72.15,94.10,100.17,111.01,99.93,84.61
避难所53,屏山县中都镇初级中学校,80.49,84.44,90.02,91.53,93.14,85.76,85.23,97.96,105.88,78.79,100.08,114.52,112.42,80.33,112.33,75.85,85.48,79.51,79.27,96.08,126.29,116.41,121.65,119.88,125.83,118.08,112.56,110.39,126.08,131.96,134.19,76.24,87.36,82.45,94.18,61.65,56.08,49.75,43.84,46.16,24.26,61.61,64.69,56.08,46.56,65.30,33.01,55.73,96.02,105.05,86.06,112.23,103.66,82.17,105.66,94.97,98.28,89.82,92.11,98.06,110.64,108.21,102.15,100.22,74.71,91.84,91.63,94.57,80.26,95.31,102.70,88.86,92.88,85.47,63.61,118.21,129.43,115.86,106.74,102.76,120.61,129.88,126.32,100.96,112.32,113.21,120.63,116.59,134.81,132.58,143.09,143.47,137.11,144.37,140.61,141.43,145.96,136.94,141.48,147.44,144.42,135.30,33.09,2.99,34.14,20.31,49.43,11.79,51.06,55.39,7.33,6.48,5.50,80.37,75.54,100.20,81.25,73.54,80.88,63.15,79.80,93.38,105.66,90.55,75.18,80.03,155.33,139.21,145.63,161.27,125.23,146.08,122.07,144.15,150.12,161.00,149.92,134.57
避难所54,南溪县黄沙镇中心小学校,73.79,70.10,64.53,63.50,61.54,68.74,69.21,57.26,49.16,75.72,55.53,39.86,41.77,74.49,42.50,78.72,71.38,75.61,75.12,58.49,30.04,38.94,34.07,36.78,30.30,39.06,44.01,45.64,31.37,26.24,22.97,77.94,67.11,71.76,60.18,94.69,98.07,107.30,111.71,108.72,129.88,92.53,89.39,98.38,111.01,89.48,122.16,99.21,58.14,49.29,68.07,42.30,51.96,72.29,49.38,59.74,56.56,64.96,63.45,56.53,44.28,47.03,53.03,55.14,81.32,63.73,65.03,62.65,78.38,62.72,53.69,69.25,65.58,73.67,94.35,35.96,24.94,38.43,47.41,51.33,33.46,24.38,28.40,53.12,41.75,40.88,34.01,37.60,20.96,21.53,13.37,11.94,17.05,17.11,14.16,17.56,13.78,17.16,15.61,7.62,9.80,20.47,120.99,154.68,119.96,133.84,104.79,142.92,103.02,99.07,147.23,158.87,158.35,74.07,78.79,53.88,73.51,81.53,74.46,91.68,74.28,60.85,48.73,63.54,79.62,74.09,3.63,15.28,8.67,7.19,30.81,11.18,32.94,9.98,9.09,9.60,7.41,20.78
避难所55,南溪县仙临镇中心小学校,30.40,26.20,20.76,18.97,17.60,24.95,25.52,12.55,5.37,31.79,10.40,8.31,8.97,30.15,4.89,34.68,25.93,30.99,31.43,14.93,15.98,6.70,11.54,9.40,15.58,7.72,2.34,0.09,15.60,21.49,23.86,34.74,23.42,28.67,17.16,49.67,55.54,62.27,67.15,64.44,86.65,49.19,46.52,56.52,65.94,45.19,77.85,57.95,19.48,16.12,27.34,16.60,22.50,32.49,19.72,23.53,22.07,27.48,28.44,21.03,18.48,19.96,21.50,23.06,43.15,28.69,31.70,31.24,43.84,32.61,25.19,36.72,34.90,40.99,56.23,12.12,24.37,15.88,13.73,14.17,15.24,21.63,17.26,13.90,11.12,12.49,12.03,15.20,24.92,25.81,33.21,33.97,30.03,33.91,31.42,31.04,35.65,28.93,31.38,38.23,35.79,25.42,77.72,111.39,76.46,90.17,61.11,99.82,60.05,55.10,103.96,115.70,115.09,33.97,37.83,14.42,34.32,41.92,36.35,50.76,32.31,18.36,7.92,22.84,39.77,32.60,47.67,32.68,38.03,52.53,25.71,40.58,21.69,36.32,44.38,54.02,43.44,30.29
避难所56,南溪县马家乡初级中学校,43.23,39.24,33.67,32.27,30.55,37.92,38.45,25.89,17.84,44.90,23.99,9.82,12.38,43.44,11.37,47.86,39.73,44.42,44.42,27.60,3.27,7.33,2.39,5.57,2.68,7.94,12.32,13.92,5.02,9.29,10.66,47.52,36.32,41.33,29.56,63.32,68.19,75.94,80.65,77.82,99.68,62.14,59.25,68.90,79.62,58.53,91.27,70.10,29.41,22.20,38.77,17.58,27.42,43.61,24.26,32.36,29.81,37.24,36.98,29.24,20.22,22.94,27.46,29.55,53.77,37.26,39.60,38.16,52.87,39.01,29.98,44.54,41.74,49.08,67.06,7.85,13.10,14.00,19.65,22.63,8.34,8.40,3.89,23.72,13.60,13.64,3.96,12.69,11.19,13.10,19.51,20.17,16.81,21.04,17.59,17.88,22.31,15.38,17.81,24.40,21.99,11.68,90.75,124.49,89.57,103.37,74.25,112.83,72.90,68.34,117.04,128.76,128.18,45.26,49.61,24.45,45.19,53.15,46.76,62.69,44.48,30.49,18.22,34.11,51.07,44.54,33.92,19.55,24.40,38.70,17.99,27.46,15.18,22.65,31.08,40.32,29.98,18.47
避难所57,宜宾市南溪县宜宾临港第二初级中学校,29.73,25.60,20.09,18.48,16.93,24.32,24.88,12.06,4.28,31.24,10.10,7.18,7.49,29.68,3.69,34.16,25.89,30.60,30.82,14.13,16.30,6.57,11.71,9.99,15.85,8.62,3.74,1.70,16.17,22.01,24.20,34.06,22.76,27.94,16.28,49.44,54.84,62.06,66.81,64.04,86.10,48.59,45.84,55.74,65.74,44.75,77.47,57.12,18.10,14.43,26.27,15.00,20.81,31.39,18.02,22.06,20.50,26.14,26.97,19.49,16.82,18.26,19.83,21.42,41.99,27.22,30.19,29.65,42.47,31.01,23.50,35.22,33.33,39.52,55.12,11.20,23.66,14.48,12.03,12.57,14.34,21.34,17.09,12.44,9.58,10.98,11.63,13.88,25.06,25.35,33.38,34.04,29.65,34.39,31.41,31.43,35.99,28.68,31.62,38.25,35.70,25.56,77.17,110.87,75.94,89.69,60.59,99.27,59.43,54.62,103.43,115.17,114.57,32.90,36.88,13.00,33.18,40.86,35.14,49.87,31.44,17.41,6.38,21.72,38.72,31.67,47.49,32.26,37.79,52.52,24.56,40.12,20.50,36.10,43.97,53.79,43.11,29.61
避难所58,宜宾市南溪县桂溪初级中学校,42.68,38.62,33.07,31.56,29.93,37.32,37.86,25.14,17.19,44.27,23.15,9.94,12.56,42.75,10.95,47.21,38.76,43.68,43.83,27.04,3.25,6.68,1.46,4.02,2.78,6.39,11.14,12.93,4.09,9.25,11.13,46.99,35.74,40.82,29.07,62.48,67.72,75.09,79.89,77.12,99.12,61.58,58.75,68.50,78.76,57.83,90.55,69.76,29.35,22.53,38.52,18.39,27.99,43.43,24.82,32.49,30.06,37.26,37.18,29.42,21.02,23.66,27.90,29.95,53.71,37.46,39.91,38.59,53.07,39.51,30.59,44.88,42.20,49.41,66.99,8.69,14.85,15.00,19.93,22.66,9.67,10.01,5.56,23.59,14.01,14.24,4.80,13.71,12.09,14.77,20.37,21.18,18.35,21.41,18.72,18.38,22.91,16.82,18.56,25.46,23.21,12.59,90.18,123.90,88.97,102.74,73.64,112.28,72.38,67.68,116.46,128.19,127.60,45.06,49.32,24.30,45.06,52.98,46.72,62.40,44.09,30.05,17.89,33.86,50.89,44.20,35.18,21.10,25.75,39.78,19.64,28.99,16.71,24.00,32.55,41.62,31.40,20.19
避难所59,牟坪镇中心小学校,33.50,29.73,24.15,23.17,21.16,28.37,28.85,17.12,9.22,35.36,15.73,0.57,2.12,34.11,3.29,38.36,31.52,35.24,34.79,18.11,13.53,5.06,9.07,9.55,12.96,9.87,8.67,8.23,14.48,19.62,20.96,37.73,26.75,31.52,19.83,54.36,58.21,66.95,71.34,68.37,89.86,52.36,49.35,58.80,70.67,49.11,81.82,59.91,19.05,12.13,28.53,9.49,17.91,33.28,14.77,22.02,19.59,26.86,26.70,18.94,11.86,14.08,17.60,19.59,43.39,26.98,29.45,28.23,42.59,29.24,20.59,34.44,31.87,38.96,56.68,4.62,17.21,7.85,9.50,12.25,7.68,16.01,12.39,13.40,4.04,4.96,6.77,7.06,21.02,19.40,29.19,29.51,23.88,31.34,26.65,28.11,32.39,23.26,27.73,33.50,30.61,21.49,80.94,114.69,79.83,93.68,64.57,102.98,63.02,58.77,107.23,118.93,118.37,34.96,39.39,14.14,34.83,42.82,36.38,52.47,34.40,20.59,8.35,23.87,40.76,34.39,42.06,26.34,32.28,47.53,17.61,34.04,13.55,30.66,37.99,48.19,37.29,23.13
避难所60,翠屏区凉姜中心学校桂花校区,19.70,15.51,10.06,8.39,6.90,14.25,14.82,2.06,6.06,21.14,1.92,15.53,14.19,19.58,12.71,24.05,16.49,20.54,20.74,4.42,26.40,16.56,21.78,20.04,25.95,18.42,12.94,10.62,26.24,32.10,34.30,24.03,12.71,17.97,6.75,39.50,44.83,52.12,56.76,53.95,76.00,38.51,35.81,45.82,55.82,34.66,67.39,47.29,11.55,13.83,17.21,18.69,19.18,22.44,17.55,16.08,16.03,18.71,20.68,14.71,19.22,19.14,17.42,18.09,33.19,20.87,24.21,24.64,34.88,26.35,21.39,28.95,28.06,32.80,46.02,19.67,32.18,20.30,12.91,10.13,22.63,30.86,26.85,8.14,15.21,16.61,21.20,20.30,35.07,34.45,43.38,43.96,38.91,44.49,41.25,41.53,46.09,38.19,41.68,48.11,45.41,35.56,67.07,100.77,65.83,79.58,50.49,89.17,49.36,44.52,93.33,105.07,104.46,23.77,27.35,8.07,24.38,31.64,26.65,40.17,21.72,8.12,7.23,13.06,29.48,22.10,57.03,41.40,47.26,62.31,31.24,49.09,27.17,45.61,53.04,63.21,52.34,38.04
避难所61,宜宾市南溪区桂溪小学,42.77,38.71,33.16,31.64,30.02,37.41,37.95,25.23,17.27,44.36,23.23,10.02,12.65,42.84,11.04,47.30,38.84,43.76,43.91,27.13,3.16,6.77,1.55,4.07,2.69,6.44,11.21,13.01,4.01,9.16,11.05,47.08,35.82,40.91,29.16,62.56,67.81,75.17,79.98,77.20,99.20,61.67,58.84,68.59,78.85,57.92,90.64,69.85,29.44,22.62,38.61,18.46,28.07,43.52,24.90,32.58,30.15,37.35,37.27,29.51,21.09,23.74,27.99,30.04,53.80,37.55,40.00,38.67,53.16,39.59,30.67,44.97,42.29,49.49,67.08,8.76,14.84,15.07,20.02,22.75,9.72,9.97,5.53,23.68,14.10,14.32,4.86,13.77,12.01,14.74,20.29,21.10,18.31,21.32,18.65,18.29,22.83,16.77,18.48,25.39,23.14,12.51,90.27,123.99,89.06,102.83,73.72,112.36,72.47,67.77,116.55,128.28,127.68,45.15,49.41,24.39,45.15,53.07,46.81,62.49,44.18,30.14,17.98,33.95,50.98,44.30,35.12,21.05,25.69,39.71,19.66,28.94,16.74,23.94,32.50,41.55,31.34,20.16
避难所62,宜宾市南溪区金竹乡小学,34.72,30.64,25.10,23.58,21.96,29.35,29.89,17.17,9.21,36.29,15.22,5.01,7.05,34.77,3.52,39.23,30.97,35.71,35.85,19.08,11.22,1.52,6.59,5.32,10.76,4.85,4.32,5.27,11.30,17.05,19.12,39.04,27.76,32.88,21.15,54.56,59.79,67.18,71.93,69.14,91.14,53.61,50.81,60.62,70.86,49.85,82.58,61.93,22.05,16.55,30.83,14.73,22.67,35.85,19.60,25.61,23.56,30.09,30.45,22.73,17.06,19.16,22.11,23.97,46.30,30.72,33.45,32.52,46.22,33.68,25.38,38.48,36.20,42.92,59.53,7.72,19.40,12.83,13.91,15.75,10.67,16.45,12.09,16.25,9.21,10.19,6.90,11.86,19.94,20.68,28.26,28.93,24.86,29.36,26.32,26.36,30.90,23.75,26.50,33.15,30.66,20.44,82.21,115.92,80.99,94.76,65.65,104.30,64.42,59.70,108.48,120.21,119.62,37.43,41.57,16.92,37.56,45.38,39.36,54.61,36.24,22.18,10.26,26.20,43.26,36.40,42.51,27.52,32.86,47.44,21.50,35.42,17.65,31.14,39.21,48.85,38.27,25.30
避难所63,宜宾市翠屏区南广镇中心小学校,12.80,8.77,3.19,2.97,0.54,7.44,7.97,5.41,12.71,14.43,7.85,21.52,19.71,13.11,19.14,17.40,12.25,14.29,13.94,2.89,33.14,23.23,28.47,26.91,32.66,25.37,19.90,17.57,33.11,38.94,41.02,17.13,5.84,11.02,1.89,33.43,37.91,45.99,50.34,47.41,69.22,31.69,28.91,38.87,49.72,28.13,60.87,40.33,9.07,15.78,10.81,22.25,19.29,15.97,18.77,13.04,14.43,13.83,16.70,13.13,21.98,20.98,17.24,17.06,26.67,16.82,20.21,21.42,29.17,23.29,20.84,24.45,24.41,27.80,39.28,25.47,37.63,24.79,16.04,12.11,28.22,37.00,33.21,9.73,20.18,21.39,27.52,25.09,41.62,40.24,49.91,50.38,44.77,51.28,47.59,48.27,52.77,44.25,48.28,54.45,51.61,42.11,60.29,94.02,59.09,72.89,43.77,82.38,42.50,37.87,86.57,98.30,97.71,17.14,20.47,9.13,17.99,24.90,20.44,33.21,14.78,2.82,12.66,7.47,22.74,15.22,63.02,47.14,53.23,68.53,35.59,54.64,31.68,51.63,58.65,69.07,58.09,43.33
避难所64,翠屏区邱场乡新中小学,13.22,8.97,6.39,3.87,6.06,8.31,8.90,7.61,15.54,13.69,9.09,25.14,23.83,11.63,22.18,16.22,6.84,12.08,13.66,8.16,35.29,25.73,30.81,28.66,34.89,26.73,21.24,19.23,34.81,40.70,43.16,17.24,7.59,12.30,8.43,30.36,37.54,42.96,47.92,45.31,67.85,30.80,28.58,38.95,46.63,26.21,58.67,40.77,15.66,21.81,15.12,27.74,25.80,19.71,25.06,19.51,21.02,19.56,22.80,19.72,27.82,27.13,23.77,23.64,29.83,22.88,26.21,27.70,33.62,29.60,27.41,30.08,30.49,32.99,41.48,29.30,41.83,29.75,21.63,18.02,32.28,40.36,36.22,15.64,24.77,26.13,30.64,29.85,44.20,44.05,52.50,53.21,48.49,53.12,50.57,50.32,54.95,47.70,50.70,57.42,54.83,44.70,58.96,92.46,57.60,71.18,42.29,81.01,41.66,36.18,85.07,96.81,96.16,20.42,22.54,15.17,21.76,27.40,24.44,34.21,16.76,9.34,16.81,13.21,25.33,17.63,66.54,51.01,56.80,71.68,40.70,58.72,36.67,55.13,62.67,72.77,61.94,47.69
避难所65,翠屏区沙坪镇顺南小学初中部,12.92,8.79,3.28,2.49,0.14,7.50,8.05,5.10,12.65,14.44,7.52,21.60,19.85,13.04,19.14,17.40,11.80,14.16,14.00,2.99,33.07,23.18,28.42,26.79,32.61,25.20,19.72,17.40,32.99,38.84,40.97,17.25,5.94,11.20,2.45,33.29,38.05,45.88,50.29,47.39,69.29,31.77,29.04,39.05,49.60,28.10,60.85,40.54,9.69,16.21,11.30,22.60,19.85,16.44,19.27,13.68,15.04,14.45,17.34,13.74,22.39,21.44,17.81,17.66,27.11,17.45,20.85,22.07,29.72,23.94,21.42,25.07,25.05,28.39,39.66,25.59,37.81,25.06,16.39,12.51,28.37,37.08,33.24,10.12,20.38,21.62,27.55,25.33,41.61,40.38,49.91,50.41,44.89,51.20,47.63,48.21,52.73,44.35,48.26,54.49,51.68,42.10,60.35,94.07,59.14,72.92,43.81,82.45,42.60,37.88,86.63,98.36,97.76,17.57,20.80,9.55,18.46,25.28,20.94,33.47,15.07,3.46,12.76,8.08,23.12,15.56,63.13,47.29,53.34,68.60,35.89,54.81,31.96,51.73,58.82,69.21,58.24,43.53
避难所66,宜宾市翠屏区象鼻镇初级中学校,11.68,7.34,2.84,0.02,2.51,6.23,6.84,6.42,14.44,12.85,8.63,23.68,22.05,11.20,21.04,15.71,9.30,12.16,12.54,5.33,34.77,24.95,30.16,28.35,34.33,26.63,21.11,18.88,34.56,40.44,42.68,15.97,4.94,10.24,4.86,31.20,36.72,43.81,48.38,45.56,67.69,30.26,27.69,37.88,47.52,26.28,59.00,39.49,11.92,18.71,11.76,25.06,22.25,16.64,21.75,15.67,17.28,15.80,18.97,16.01,24.88,23.94,20.20,19.95,27.10,19.05,22.40,23.85,30.34,25.74,23.75,26.37,26.67,29.43,39.27,27.73,40.05,27.44,18.86,15.01,30.57,39.12,35.18,12.61,22.69,23.96,29.52,27.68,43.45,42.54,51.77,52.33,47.04,52.84,49.59,49.91,54.47,46.42,50.06,56.45,53.70,43.95,58.76,92.43,57.50,71.22,42.15,80.86,41.13,36.15,85.00,96.74,96.13,17.56,20.29,12.05,18.70,24.97,21.31,32.60,14.47,5.57,14.93,9.41,22.84,15.14,65.24,49.46,55.45,70.61,38.31,57.05,34.36,53.83,61.04,71.36,60.42,45.82
避难所67,宜宾市翠屏区西郊初级中学校,28.54,24.86,19.32,18.58,16.42,23.49,23.96,12.88,6.00,30.46,11.97,5.64,3.51,29.30,4.96,33.47,27.29,30.50,29.86,13.36,18.46,9.08,13.87,13.65,17.91,13.26,9.88,8.20,19.18,24.54,26.01,32.73,21.87,26.53,14.92,49.64,53.15,62.20,66.46,63.45,84.83,47.35,44.31,53.72,65.93,44.23,76.90,54.83,14.04,8.21,23.46,8.91,14.52,28.23,11.61,17.27,15.11,21.95,22.06,14.31,10.44,11.76,13.76,15.55,38.41,22.33,25.00,24.06,37.90,25.25,17.23,30.03,27.74,34.48,51.69,9.30,21.48,9.55,5.66,7.39,12.01,20.94,17.46,8.34,4.36,5.81,11.85,9.44,26.10,24.03,34.26,34.54,28.56,36.39,31.66,33.18,37.47,28.11,32.81,38.48,35.52,26.57,75.91,109.66,74.82,88.68,59.59,97.94,57.98,53.82,102.20,113.89,113.34,29.90,34.31,9.07,29.81,37.77,31.41,47.39,29.34,15.60,3.69,18.80,35.70,29.31,46.83,30.93,37.04,52.43,20.43,38.47,16.34,35.45,42.47,52.86,41.88,27.27
避难所68,宜宾市翠屏区李庄镇中心小学校,25.27,21.20,15.65,14.22,12.51,19.90,20.44,7.90,0.26,26.85,6.36,9.81,8.83,25.38,6.86,29.80,22.19,26.37,26.40,9.63,20.67,10.77,16.01,14.51,20.20,13.15,7.97,5.56,20.67,26.48,28.56,29.59,18.31,23.44,11.75,45.36,50.35,57.98,62.59,59.75,81.69,44.16,41.37,51.22,61.68,40.46,73.20,52.58,13.94,12.06,21.76,14.80,18.31,26.89,15.90,18.13,16.97,21.90,23.02,15.83,16.00,16.75,16.99,18.29,37.53,23.26,26.36,26.11,38.27,27.60,20.88,31.35,29.74,35.54,50.63,13.99,26.58,15.52,10.16,9.31,17.04,25.03,20.99,8.56,10.29,11.77,15.35,15.28,29.24,28.70,37.56,38.12,33.13,38.81,35.39,35.80,40.32,32.36,35.87,42.26,39.56,29.74,72.76,106.48,71.55,85.33,56.22,94.85,54.97,50.28,99.04,110.76,110.17,28.39,32.34,8.99,28.71,36.35,30.72,45.33,26.90,12.87,3.33,17.23,34.20,27.13,51.21,35.65,41.45,56.45,26.29,43.39,22.19,39.79,47.33,57.42,46.58,32.49
避难所69,宜宾县白花镇黎明小学校,12.94,13.75,18.32,18.42,20.73,14.96,14.81,24.32,32.38,10.44,25.97,41.91,40.41,9.62,39.04,9.11,10.24,7.95,11.45,23.73,52.10,42.62,47.67,45.41,51.72,43.39,37.97,36.05,51.50,57.37,59.94,12.49,16.35,14.65,22.70,13.89,25.04,26.30,31.70,29.48,52.52,18.04,17.54,27.30,29.91,12.00,42.53,29.71,28.17,36.50,21.07,43.25,38.69,22.10,38.99,30.19,32.95,27.27,31.07,31.95,42.78,41.41,36.63,35.69,27.43,30.99,33.48,36.07,34.28,37.87,39.45,35.27,37.48,36.18,34.61,46.02,58.44,45.82,37.04,33.02,48.93,57.22,53.10,30.68,41.11,42.37,47.52,46.09,61.06,60.82,69.35,70.08,65.29,69.76,67.46,67.05,71.70,64.55,67.52,74.30,71.71,61.55,43.83,76.73,42.27,55.41,27.41,65.54,27.90,21.31,69.42,81.11,80.41,21.35,19.56,30.02,23.41,23.90,25.80,25.29,16.70,22.66,33.30,23.08,22.67,17.99,83.40,67.77,73.64,88.56,56.63,75.41,52.73,71.98,79.39,89.60,78.72,64.23
避难所70,宜宾县高场镇青云小学校,19.02,22.87,28.45,29.97,31.56,24.20,23.68,36.40,44.30,17.21,38.56,53.05,51.05,18.79,50.77,14.27,24.86,18.10,17.72,34.52,64.71,54.83,60.07,58.33,64.25,56.58,51.05,48.85,64.53,70.41,72.61,14.93,25.81,21.06,32.68,8.20,8.91,16.55,19.22,15.97,37.73,2.77,5.62,11.50,20.08,4.30,29.37,14.11,35.35,44.49,25.61,51.71,44.40,23.02,45.79,35.30,38.60,30.62,33.79,38.07,50.49,48.39,42.59,40.97,21.06,33.59,34.68,37.74,28.95,39.12,44.15,34.11,37.57,32.89,21.87,56.85,68.49,55.06,45.86,41.78,59.39,68.49,64.81,39.80,51.13,52.13,59.12,55.65,73.26,71.44,81.55,81.99,75.98,82.81,79.16,79.85,84.38,75.65,79.92,86.01,83.08,73.75,28.82,62.45,27.52,41.27,12.17,50.90,11.74,6.26,55.02,66.76,66.15,21.34,16.75,39.05,22.94,17.85,23.93,12.38,19.16,31.96,44.17,29.71,18.22,19.76,94.26,78.21,84.50,99.99,65.11,85.40,61.61,82.95,89.44,100.14,89.07,73.91
避难所71,宜宾县普安乡大理小学,6.99,11.26,16.63,18.60,19.80,12.45,11.87,24.89,32.49,6.09,27.20,40.89,38.79,8.32,38.80,4.39,16.32,8.62,6.12,22.61,52.89,42.97,48.21,46.69,52.41,45.11,39.61,37.31,52.89,58.72,60.76,2.66,13.97,8.84,20.60,17.07,18.15,28.47,31.68,28.43,49.54,12.03,9.13,19.29,32.14,10.07,41.78,21.02,22.88,32.02,13.20,39.24,32.11,11.40,33.38,22.99,26.25,18.56,22.00,25.67,38.03,35.97,30.24,28.71,14.55,21.83,23.46,26.42,21.61,28.00,32.03,24.02,26.93,24.09,22.91,44.59,56.08,42.62,33.42,29.35,47.06,56.26,52.70,27.42,38.78,39.74,47.02,43.23,61.24,59.08,69.49,69.85,63.62,71.05,66.98,68.01,72.47,63.36,67.93,73.81,70.82,61.72,40.61,74.36,39.49,53.35,24.28,62.68,22.74,18.69,66.91,78.61,78.04,10.03,6.87,26.66,11.98,11.01,13.86,14.62,6.79,19.75,32.04,17.25,9.85,7.59,81.90,65.82,72.15,87.70,52.64,72.96,49.14,70.62,77.00,87.73,76.66,61.46
避难所72,宜宾县蕨溪镇横山小学,40.69,44.41,49.99,51.30,53.05,45.75,45.27,57.71,65.73,38.76,59.76,74.66,72.70,40.12,72.28,35.77,44.95,39.18,39.34,56.06,86.07,76.25,81.47,79.56,85.63,77.71,72.19,70.07,85.75,91.64,93.97,36.62,47.38,42.75,54.30,21.15,18.88,10.33,3.66,5.75,18.06,22.38,25.85,20.40,8.67,25.04,7.70,21.64,56.99,66.14,47.17,73.36,65.73,44.06,67.29,56.69,60.01,51.80,54.68,59.57,72.07,69.89,63.99,62.27,39.16,54.45,55.03,58.11,46.35,59.25,65.25,53.46,57.28,51.16,32.54,78.50,90.19,76.75,67.55,63.47,81.07,90.12,86.37,61.50,72.82,73.83,80.68,77.35,94.74,93.12,103.05,103.55,97.67,104.06,100.75,101.19,105.76,97.31,101.37,107.61,104.72,95.23,10.49,41.73,8.54,20.44,10.39,30.72,13.87,15.45,34.46,46.13,45.42,42.30,37.46,60.74,43.60,36.89,43.97,27.29,40.72,53.62,65.77,51.38,38.01,41.20,115.95,99.91,106.18,121.64,86.72,107.09,83.27,104.63,111.14,121.84,110.77,95.59
避难所73,宜宾县柳嘉镇白马初中,40.74,44.14,49.68,50.72,52.64,45.51,45.07,57.05,65.14,38.60,58.97,74.32,72.49,39.69,71.76,35.59,43.66,38.57,39.29,55.69,85.30,75.60,80.76,78.68,84.88,76.74,71.26,69.24,84.83,90.71,93.18,36.92,47.14,42.86,54.08,19.67,21.50,7.25,3.75,7.41,21.73,23.51,27.09,23.52,4.18,24.87,9.90,25.17,57.41,66.53,47.79,73.72,66.62,45.18,67.97,57.52,60.81,52.83,55.94,60.26,72.60,70.56,64.80,63.19,41.44,55.72,56.60,59.68,48.94,60.95,66.36,55.48,59.17,53.54,36.21,78.27,90.23,76.94,67.76,63.65,80.96,89.80,85.90,61.57,72.78,73.86,80.23,77.46,94.12,93.01,102.44,103.04,97.55,103.13,100.30,100.35,104.97,97.06,100.68,107.17,104.39,94.61,15.25,44.04,13.27,23.16,12.89,33.63,17.01,16.34,37.02,48.45,47.67,43.47,38.75,60.83,44.96,38.84,45.63,29.92,41.35,53.54,65.46,51.76,39.71,41.98,115.81,99.87,106.03,121.31,87.18,107.22,83.60,104.43,111.25,121.82,110.79,95.77
避难所74,宜宾县泥溪镇月波初中,46.24,49.86,55.43,56.64,58.46,51.21,50.74,63.03,71.08,44.24,65.03,80.11,78.20,45.51,77.67,41.23,49.96,44.49,44.85,61.49,91.36,81.59,86.78,84.80,90.93,82.90,77.41,75.33,90.97,96.87,99.26,42.23,52.84,48.32,59.78,25.97,24.62,13.93,8.27,11.35,15.25,28.11,31.60,26.02,10.96,30.47,3.18,27.08,62.65,71.79,52.86,79.02,71.47,49.82,73.01,62.42,65.74,57.56,60.46,65.29,77.76,75.60,69.72,68.02,44.90,60.23,60.81,63.89,52.02,65.03,71.01,59.23,63.06,56.87,37.81,84.00,95.77,82.37,73.17,69.08,86.61,95.59,91.79,67.07,78.37,79.40,86.10,82.94,100.10,98.66,108.41,108.95,103.20,109.29,106.18,106.46,111.05,102.80,106.70,113.04,110.19,100.59,10.35,37.28,8.57,16.37,16.17,26.85,19.54,21.10,30.22,41.69,40.92,48.06,43.23,66.32,49.38,42.67,49.76,33.00,46.41,59.14,71.23,57.02,43.80,46.91,121.49,105.47,111.71,127.11,92.40,112.70,88.92,110.14,116.74,127.41,116.35,101.21
避难所75,宜宾县李场镇小学校,15.89,19.41,24.98,26.29,28.03,20.76,20.29,32.71,40.70,13.79,34.80,49.66,47.75,15.10,47.25,10.78,20.69,14.22,14.44,31.05,61.07,51.24,56.46,54.60,60.62,52.80,47.27,45.11,60.80,66.69,68.97,12.17,22.39,18.01,29.33,7.26,13.07,18.46,22.22,19.28,41.63,6.22,7.06,15.49,22.16,0.02,32.73,18.01,32.61,41.70,23.18,48.89,42.13,21.36,43.28,33.02,36.26,28.64,32.06,35.62,47.82,45.87,40.24,38.75,21.50,31.87,33.35,36.35,29.32,37.86,42.11,33.39,36.59,32.75,24.64,53.55,65.40,52.09,42.91,38.80,56.18,65.14,61.36,36.72,47.96,49.03,55.67,52.61,69.72,68.23,78.03,78.53,72.77,79.11,75.74,76.20,80.76,72.35,76.35,82.60,79.74,70.21,32.76,66.25,31.38,44.99,16.09,54.79,16.00,9.96,58.85,70.59,69.95,19.84,15.73,35.98,21.65,18.00,23.09,14.97,16.85,28.72,40.78,26.97,17.85,17.67,91.06,75.07,81.27,96.66,62.36,82.37,58.75,79.70,86.41,97.02,85.97,70.92
避难所76,宜宾县商州镇小学校,56.54,60.42,66.00,67.45,69.11,61.75,61.24,73.88,81.83,54.76,75.98,90.59,88.55,56.25,88.33,51.80,61.34,55.39,55.27,72.08,102.23,92.37,97.60,95.78,101.78,93.97,88.44,86.29,101.98,107.86,110.13,52.35,63.36,58.54,70.22,37.55,32.76,26.00,19.80,22.01,5.40,37.76,40.99,33.24,23.12,41.19,9.09,33.42,72.40,81.50,62.47,88.72,80.54,58.87,82.35,71.66,74.99,66.60,69.15,74.68,87.26,84.93,78.92,77.08,52.37,68.90,69.03,72.05,58.71,72.98,79.79,66.77,70.74,63.83,42.85,94.35,105.78,92.25,83.08,79.05,96.82,106.01,102.37,77.18,88.54,89.48,96.67,92.92,110.81,108.84,119.10,119.53,113.38,120.28,116.70,117.36,121.91,113.13,117.46,123.54,120.58,111.30,10.23,25.34,10.62,4.21,25.49,14.69,27.58,31.32,18.14,29.74,29.02,57.07,52.20,76.42,58.13,50.74,58.06,40.46,56.11,69.47,81.71,66.86,52.20,56.43,131.64,115.54,121.90,137.46,101.90,122.57,98.61,120.39,126.61,137.42,126.33,111.04
避难所77,翠屏区赵场街道中心校,5.65,2.43,4.11,6.55,7.25,1.41,1.37,12.45,19.89,7.58,14.83,28.41,26.42,6.88,26.22,10.59,10.47,8.42,6.94,10.01,40.29,30.37,35.61,34.11,39.81,32.56,27.09,24.76,40.30,46.12,48.16,9.95,1.64,3.83,8.05,27.15,30.72,39.55,43.57,40.53,62.10,24.56,21.72,31.68,43.28,21.34,53.97,33.17,12.05,20.76,6.48,27.80,22.52,10.59,22.94,14.13,16.78,12.12,15.83,15.77,27.01,25.42,20.46,19.53,20.70,15.82,18.83,20.95,24.58,22.85,23.31,21.97,23.11,24.37,32.71,32.22,44.05,30.82,21.70,17.58,34.82,43.85,40.19,15.41,26.60,27.68,34.50,31.29,48.68,46.88,56.95,57.36,51.42,58.45,54.52,55.41,59.89,51.03,55.36,61.37,58.45,49.17,53.17,86.91,52.01,65.83,36.72,75.25,35.34,30.90,79.46,91.18,90.60,11.25,13.72,14.68,12.63,18.44,15.33,26.15,7.90,7.36,19.53,6.95,16.32,8.60,69.70,53.70,59.92,75.36,41.30,61.04,37.57,58.36,65.07,75.65,64.62,49.61
避难所78,宜宾市人民路小学,5.14,1.12,4.57,6.56,7.72,0.34,0.29,12.77,20.46,6.69,15.10,29.20,27.28,5.69,26.89,9.69,9.19,7.15,6.18,10.64,40.89,30.98,36.22,34.61,40.42,32.99,27.49,25.20,40.81,46.66,48.78,9.47,1.92,3.74,8.86,26.07,30.26,38.53,42.68,39.70,61.47,23.95,21.24,31.34,42.26,20.45,53.16,32.93,13.36,21.95,7.71,28.94,23.87,11.46,24.22,15.54,18.16,13.48,17.21,17.13,28.22,26.69,21.81,20.91,21.24,17.20,20.18,22.33,25.48,24.22,24.69,23.20,24.44,25.48,32.94,33.08,45.02,31.87,22.80,18.69,35.73,44.67,40.94,16.47,27.56,28.67,35.24,32.31,49.37,47.78,57.66,58.11,52.32,59.02,55.30,56.02,60.53,51.88,56.04,62.16,59.27,49.86,52.54,86.26,51.34,65.13,36.01,74.63,34.78,30.13,78.82,90.55,89.96,11.94,13.96,15.76,13.46,18.80,16.19,26.05,8.15,8.35,20.32,8.34,16.72,9.02,70.60,54.64,60.81,76.19,42.43,62.02,38.67,59.23,66.05,76.59,65.56,50.62
避难所79,翠屏区西郊中心校,0.05,4.32,9.59,11.62,12.76,5.43,4.84,17.86,25.46,2.65,20.19,33.99,31.97,3.74,31.81,5.36,11.40,5.28,1.67,15.59,45.88,35.96,41.20,39.66,45.40,38.07,32.57,30.27,45.85,51.69,53.75,4.38,6.93,2.08,13.64,22.11,25.19,34.30,38.10,35.00,56.50,18.96,16.17,26.25,38.02,15.93,48.43,27.87,16.78,25.81,8.23,32.96,26.77,9.47,27.61,17.84,20.88,14.39,18.17,20.08,31.98,30.16,24.78,23.53,17.53,18.07,20.51,23.12,22.92,24.91,27.14,22.50,24.53,23.91,28.39,37.78,49.49,36.15,26.97,22.85,40.33,49.42,45.78,20.79,32.08,33.11,40.10,36.68,54.28,52.38,62.55,62.95,56.92,64.03,60.10,61.00,65.48,56.57,60.96,66.95,64.01,54.77,47.57,81.31,46.41,60.24,31.12,69.66,29.75,25.34,73.86,85.58,85.00,9.18,9.67,20.04,11.12,14.65,13.77,21.08,4.46,12.88,25.12,11.20,12.73,5.72,75.21,59.18,65.43,80.91,46.45,66.44,42.82,63.88,70.48,81.12,70.07,54.98
避难所80,宜宾凤凰外国语学校,6.86,3.00,2.80,5.16,5.96,1.63,2.06,11.11,18.66,8.57,13.48,27.33,25.40,7.55,25.05,11.57,9.90,8.96,8.02,8.81,39.08,29.17,34.41,32.85,38.61,31.28,25.79,23.48,39.05,44.89,46.97,11.19,0.32,5.16,6.97,27.95,31.98,40.42,44.57,41.58,63.28,25.74,22.97,32.99,44.15,22.34,55.03,34.51,11.70,20.14,7.41,27.09,22.28,11.81,22.51,14.20,16.65,12.68,16.30,15.57,26.42,24.95,20.20,19.41,22.04,16.32,19.44,21.41,25.75,23.31,23.22,22.79,23.74,25.37,34.10,31.19,43.13,29.99,20.93,16.83,33.84,42.80,39.08,14.60,25.67,26.78,33.39,30.42,47.53,45.90,55.82,56.25,50.43,57.23,53.43,54.21,58.71,50.00,54.20,60.29,57.40,48.02,54.35,88.08,53.16,66.97,37.85,76.44,36.55,31.98,80.63,92.36,91.77,12.56,15.11,13.89,13.86,19.82,16.55,27.52,9.29,6.47,18.44,7.02,17.69,9.98,68.71,52.75,58.93,74.31,40.58,60.14,36.80,57.35,64.16,74.70,63.68,48.74
避难所81,翠屏区宋家中学,32.38,28.42,22.84,21.56,19.74,27.09,27.61,15.27,7.17,34.08,13.61,3.15,4.25,32.68,0.52,37.05,29.49,33.71,33.58,16.77,13.69,3.89,9.01,8.39,13.18,8.01,5.72,5.22,14.12,19.70,21.49,36.67,25.48,30.47,18.70,52.73,57.33,65.34,69.92,67.04,88.83,51.29,48.39,58.07,69.05,47.75,80.50,59.30,19.05,13.38,28.06,12.09,19.55,33.00,16.50,22.49,20.40,27.05,27.31,19.58,14.27,16.20,18.95,20.80,43.37,27.58,30.29,29.34,43.12,30.50,22.26,35.32,33.02,39.77,56.62,7.13,19.64,10.84,10.75,12.62,10.27,17.67,13.63,13.25,6.49,7.69,7.98,10.09,21.97,21.47,30.26,30.77,25.85,31.83,28.03,28.73,33.17,25.01,28.64,34.89,32.19,22.46,79.90,113.64,78.73,92.53,63.41,101.98,62.04,57.52,106.19,117.91,117.33,34.62,38.86,13.94,34.67,42.55,36.40,51.94,33.65,19.63,7.43,23.41,40.45,33.75,43.86,28.42,34.11,49.08,20.56,36.23,16.53,32.44,40.12,50.09,39.32,25.59
